metric,pos,n,r_next,r_ros,r_res,r_resRos
xfp_pg,QB,2333,0.19334887381722862,0.3026816015412057,-0.0018305784155134243,-0.05241333979972596
xfp_pg,RB,3382,0.4081467325036251,0.539792525543142,-0.04463196799219185,-0.10476809656174019
xfp_pg,WR,5289,0.330031279329862,0.5297900709026386,-0.02363219523290681,0.05287192436756462
xfp_pg,TE,1854,0.22134703193703972,0.3570011274726567,-0.08387748021737415,-0.11780342369395595
pts_over_xfp,RB,3382,0.15052933628356505,0.24719626355712043,0.004329612580824741,0.007800140549560171
pts_over_xfp,WR,5289,0.13170336682067493,0.21473279910433365,-0.012265100178003432,0.023752431848109243
pts_over_xfp,TE,1854,0.11685478206966257,0.19816045253265588,0.012440702969321277,0.08103785198036033
snap_std,QB,2298,0.0677017194551964,-0.027292512203259154,-0.013474177496018456,-0.14862085737044564
snap_std,RB,3284,0.3697517126341342,0.46382314858210394,-0.0152174822099429,-0.07912548333431171
snap_std,WR,5150,0.23463768888490474,0.34404074019852343,0.00019945409249055485,0.029481259348038635
snap_std,TE,1842,0.18675899489861603,0.3373521899518209,0.019111008058862,0.09586576888672724
snap_l1,QB,2298,0.05886104850440219,-0.018907924966295772,0.025326127658132164,-0.05914678586578875
snap_l1,RB,3284,0.3791856767698743,0.41693718026010906,0.0752627116282356,0.005845750301391791
snap_l1,WR,5150,0.223980398178746,0.30043798532102406,0.04279790507153093,0.05387918327070132
snap_l1,TE,1842,0.20591910158592036,0.2975402356214929,0.0710708862530421,0.09945574154634584
snap_trend,QB,2101,0.016332206031152447,0.0059548397329205124,0.0330780196560151,0.05103808430755934
snap_trend,RB,3034,0.11596903391142034,0.08385355755101669,0.11962286470277013,0.12405879383958282
snap_trend,WR,4757,0.03187432853683957,0.020746704458803306,0.04587481317629226,0.05765218199693472
snap_trend,TE,1707,0.06891132262123047,0.020702434689816262,0.05916229649056598,0.022648455854595174
tgt_sh,QB,2298,0.01832735441340943,0.0781562025263268,-0.0068560697287078825,0.044106622282559085
tgt_sh,RB,3284,0.21941156454159447,0.27117227900348256,-0.037389105352487996,-0.07785281137652598
tgt_sh,WR,5150,0.3466058891168053,0.560430727127957,0.006664319990137795,0.11965372816160945
tgt_sh,TE,1842,0.2702615786460594,0.46076657566182844,-0.025442939199337315,0.006436816890267529
car_sh,QB,2298,0.17068010092112035,0.26243017602949587,-0.019187052570592413,-0.08318510145278325
car_sh,RB,3284,0.382231547680478,0.4974831858641177,0.01079863105872472,-0.012792671296925295
car_sh,WR,5150,0.038592849753866044,0.06087013632764437,-0.0008368424393765261,0.010922026625036153
car_sh,TE,1842,0.03741726627226913,-0.02510311507035971,-0.006807346505650355,-0.13677538398367595
rz_tgt_sh,QB,2298,0.019139147558964956,0.05777399321417584,-0.012195080467434321,-0.008148870878436054
rz_tgt_sh,RB,3284,0.19040061483007126,0.20092765923315897,-0.024161132695827276,-0.10311808701177093
rz_tgt_sh,WR,5150,0.20693550507816158,0.32367240429713506,-0.013343291900977737,0.03237876771109467
rz_tgt_sh,TE,1842,0.11783865588499254,0.15335879361230237,-0.0573601358634624,-0.11745952902430382
rz_car_sh,QB,2296,0.15765497631661568,0.24484514411465852,-0.01157529945333782,-0.07606417885398031
rz_car_sh,RB,3283,0.34750017572450526,0.44218850873092247,0.006481692365847021,-0.028686134517243993
rz_car_sh,WR,5148,0.04300273883299954,0.07909206331155234,-0.0047993100426025,0.010531313290087236
rz_car_sh,TE,1842,0.04179852181804579,-0.017167627329635966,-0.0007184812193418086,-0.11863313933251586
gl_car_sh,QB,2245,0.0965285942774721,0.13931671026052087,-0.04183630210607152,-0.12266768380514623
gl_car_sh,RB,3223,0.28429136047414616,0.3634525817161266,-0.003788347008357762,-0.010251025638785171
gl_car_sh,WR,5069,0.010005970385414373,0.012754969455378521,-0.011718121484794376,-0.03507388247214497
gl_car_sh,TE,1818,0.026401532418727492,-0.04163495667173981,-0.028925695055184213,-0.1587722319420136
ay_sh,QB,2298,-0.036470706595999,-0.0644001117349265,-0.01474253647901986,-0.06768335243864619
ay_sh,RB,3284,-0.0019509156555213394,0.001387893174582198,-0.025089846722998327,-0.01418066867782098
ay_sh,WR,5150,0.2751374555364674,0.46525013431380796,-0.009358828434564854,0.09043025628294164
ay_sh,TE,1842,0.21756131778194568,0.3733657562425009,-0.038527520013596106,-0.010596618761365625
wopr,QB,2333,0.020779307838176816,0.08141065412073957,-0.004099321577738469,0.04686673398770024
wopr,RB,3382,0.21282023937745975,0.27967765213540036,-0.03978629928434456,-0.05250139926766843
wopr,WR,5289,0.3346263706613448,0.5529020810362495,0.008202286505201712,0.1276515922662442
wopr,TE,1854,0.2664671480950653,0.45610077575031466,-0.02716628735095807,0.009836913442143068
tgt_trend,QB,2298,-0.03594547927718968,-0.08752220393173324,-0.02636461017805155,-0.066255800986798
tgt_trend,RB,3284,0.043066874022438764,0.05807363656753333,0.051672980759041226,0.06271306688950126
tgt_trend,WR,5150,0.03607951164420167,-0.019415345701042377,0.03202936689452997,-0.02264203064481719
tgt_trend,TE,1842,0.0003780407885184022,0.01775749564416479,0.01857309365040993,0.043634079957505026
car_trend,QB,2298,0.001685334094161148,0.01704340092571169,0.0032497160705387664,0.008496823396815513
car_trend,RB,3284,0.10163208387032631,0.07585428372349758,0.0854211111305242,0.08106530287937695
car_trend,WR,5150,0.014994174368225649,0.0114574669298025,0.028588035050330196,0.024107588408963296
car_trend,TE,1842,0.024805191971890343,0.04558127324174962,0.03518378801204536,0.055439586238443805
db_sh,QB,2298,-0.00041498847493771007,-0.10533796102257968,-0.034113307984571455,-0.10790974876870149
db_sh,RB,3284,0.05100121008427541,0.06598638721079267,-0.01844911013683995,0.008989353548559838
db_sh,WR,5150,0.057886058295424016,0.0916135892057548,-0.0009463180112488187,0.018739167377813358
db_sh,TE,1842,0.01985422894667647,-0.062164546398548924,-0.00584814511498474,-0.09341520759653102
att_pg,QB,2333,0.06080181127625606,0.013832796752463601,-0.1006939068472556,-0.2576603526706428
att_pg,RB,3382,0.06312620225327359,0.08293953383556296,-0.013822542349854323,0.020052780616740495
att_pg,WR,5289,0.047290270203087355,0.0753569165801604,-0.0017666794496996898,0.01721248506561934
att_pg,TE,1854,0.02025989764346059,-0.06100156634728997,-0.005438004528739897,-0.0921676751287937
ppg,QB,2333,0.29725915630670696,0.4446040224564806,-0.0904154532602592,-0.21089161193600625
ppg,RB,3382,0.4303819482090136,0.5772624600121513,-0.03919832063516128,-0.09117922346308797
ppg,WR,5289,0.35346755131045554,0.5708091145319184,-0.023710613911024508,0.0668017645630625
ppg,TE,1854,0.26372257687497364,0.4313844725807598,-0.05087874477666251,-0.024569040326384108
ppg_py,QB,1600,0.2360515276600109,0.32960897049699167,-0.047232928589374536,-0.17259725675250595
ppg_py,RB,2261,0.3233258088385793,0.4848469233585678,-0.028038336914279323,-0.027366057271193334
ppg_py,WR,3708,0.3377342457465212,0.5705713634895443,0.007692218180660326,0.119986534917122
ppg_py,TE,1382,0.2450125619543764,0.445807845166463,0.0012568568611550643,0.05528093505252951
xfp_pg_py,QB,2067,0.18090402856591312,0.31031564200686745,-0.02417845465627987,-0.07016139714944356
xfp_pg_py,RB,2762,0.31520744554522534,0.4651583161728969,-0.013741153311332566,0.016696339036656238
xfp_pg_py,WR,4515,0.30961504972322856,0.514704746899594,-0.008633968560308819,0.06244990268369532
xfp_pg_py,TE,1691,0.18840341018577386,0.3089297656392658,-0.04089082418237141,-0.051401512194629156
tgt_sh_py,QB,2067,0.06854267578624902,0.10773318874598672,0.006890242215164941,-0.007259273093908039
tgt_sh_py,RB,2762,0.19160682337393112,0.27072388832171596,-0.024839577913557436,-0.016307539088885773
tgt_sh_py,WR,4515,0.3066305542057664,0.5074146473264072,0.004926024473645737,0.09000394550074302
tgt_sh_py,TE,1691,0.21995280577350693,0.339197510989665,-0.006444567363062336,0.0038172779867158037
car_sh_py,QB,2067,0.17893808495000774,0.29847892168397744,-0.02772273499176956,-0.0807985796702413
car_sh_py,RB,2762,0.26602760646064927,0.40075994479700605,-0.006879587098100267,0.030101996782528548
car_sh_py,WR,4515,0.02875038149331192,0.054567172826243154,-0.016541578043258908,-0.01711383882156821
car_sh_py,TE,1691,0.09316085311524287,0.12529266281920096,0.0028274410575488155,-0.024302335632500394
ppg_over_clay,QB,2333,0.07192035194001262,0.10175795497963885,0.02281404997987432,-0.019945214311736258
ppg_over_clay,RB,3382,0.113780889759935,0.09373248895968737,0.024309467618071356,-0.037410919933961145
ppg_over_clay,WR,5289,0.09110696777550162,0.14977010179287686,0.017733740973338016,0.07555982540751166
ppg_over_clay,TE,1854,0.06764062762279284,0.11252838704880509,-0.0063258216393305405,-0.002303789678369837
age,QB,2333,0.002922967847659732,-0.005514906185684765,-0.010876658992138456,-0.014742935357459833
age,RB,3331,-0.011955246160114981,-0.05551698805146644,-0.04511646986469505,-0.1534344592558486
age,WR,5280,0.038571788108877805,0.036829048943887346,-0.035180387530644786,-0.0921403547468291
age,TE,1854,0.020363145704481944,0.03239849502006988,-0.03233117418089936,-0.04812790337496523
exp,QB,2333,0.02358290253534367,0.016701023276216996,-0.022516755198719044,-0.03208344997259468
exp,RB,3331,0.04080621259125881,0.019377031487300186,-0.04917889300738871,-0.1615261337396224
exp,WR,5280,0.06902334508771155,0.09332262243697792,-0.038846804385895904,-0.08423988688991728
exp,TE,1854,0.012694701838294886,0.02550452346499085,-0.024844984858471777,-0.033437444134922056
draft_pick,QB,2316,0.0078740701016346,-0.039669974550713624,0.013076096556271458,-0.0833535225434961
draft_pick,RB,2956,-0.24778865179371226,-0.38265331946816367,-0.015375698605648792,-0.06096939355095375
draft_pick,WR,4885,-0.10234226895303877,-0.1949418975530861,0.01528849677089667,-0.03991530110377786
draft_pick,TE,1791,0.04606112896806596,0.07220233298352496,0.02604985877138225,0.06530050383537386
jm,QB,1526,0.08150238653637563,0.12994870928890204,-0.02780618088871501,-0.013060937880046024
jm,RB,3008,0.23602664598557777,0.38025604778858685,0.014246357817696209,0.07520339334238915
jm,WR,3926,0.1850517278260857,0.34136118734685833,-0.014688484847589786,0.06418673222498571
jm,TE,1399,0.039169785692570305,0.06724529256458903,-0.03670819143538662,-0.06820854689692785
implied,QB,2333,0.33301397814572214,0.3446939390103566,0.013850712835907837,-0.11588177220804351
implied,RB,3382,0.10937630462269607,0.08835788723625965,-0.0420958108217729,-0.12164792827865087
implied,WR,5289,0.11591722843082525,0.11936401745935946,-0.005320104674716924,-0.03601163737960179
implied,TE,1854,0.1333098698191024,0.11954145030182209,0.02952978973003995,0.010872596012783717
spread,QB,2333,0.22575113392976948,0.26155306375327664,-0.00888135300741777,-0.04370235885430388
spread,RB,3382,0.089430174958163,0.05389991186844062,-0.018928843686676675,-0.07964198657942831
spread,WR,5289,0.08587636603737908,0.10234999613509194,-0.007825120202539358,0.0021044838526857873
spread,TE,1854,0.08748220572443959,0.09611499269025571,0.02946624788538541,0.05536254051263158
game_total,QB,2333,0.22185099025601643,0.1899209281490138,0.019042625296281406,-0.1476727204512504
game_total,RB,3382,0.06850176964378879,0.06905257546947854,-0.03138513383329593,-0.09032132057756254
game_total,WR,5289,0.0754768156612497,0.05938845375820984,-0.00012184658810294733,-0.0635435406462182
game_total,TE,1854,0.10041514910317553,0.06965881510871692,0.002011825541047601,-0.054854905964464774
ol_pb_now,QB,2000,0.07464256780629111,0.11722343230902225,-0.047188612839474696,-0.09480455378338101
ol_pb_now,RB,2996,0.0416576966749521,0.07725298771592339,-0.012061426630284807,-0.008616624234367614
ol_pb_now,WR,4678,0.009314967085715877,0.021613582325454437,-0.0013947970886244564,0.017702324094813603
ol_pb_now,TE,1617,0.04803659343001141,0.09975011040822171,-0.03808085835800748,-0.029372380290723494
ol_rb_now,QB,2000,0.016372150487954897,0.0005415184272996907,-0.03236584312427815,-0.12041477353891018
ol_rb_now,RB,2996,0.03957847921908495,0.07588139802871031,-0.004442301241553155,-0.017515774837498662
ol_rb_now,WR,4678,0.028890619990269043,0.02740112627223159,-0.011494470522708017,-0.03903075627577928
ol_rb_now,TE,1617,0.00422679067940908,-0.032927032148521794,-0.04193421898076358,-0.14343232272011044
opp_man_std,QB,2333,0.051188540816972085,0.015933520650232347,0.023620264851873556,-0.025047246972561325
opp_man_std,RB,3382,-0.01028363413664129,0.011140741742893534,-0.029269509803544,-0.0037896674686973696
opp_man_std,WR,5289,0.01823237997838166,0.013212001959086556,0.0215041801496052,0.01829996104916856
opp_man_std,TE,1854,-0.020021237745267886,-0.02851483229296878,-0.01352970828698455,-0.00643091274428179
yprr_man,RB,2724,0.039082452626547214,0.08095188943713326,0.01350203905165621,0.05009733092491681
yprr_man,WR,4412,0.2812394136324794,0.47402996857076807,0.026893738265967807,0.14974007480229853
yprr_man,TE,1677,0.15253116325096117,0.25466462208987406,-0.06155408985552641,-0.06341210041896254
yprr_zone,RB,2724,0.0412850513440531,0.07942962647766375,-0.003242531868092367,0.03747709447453744
yprr_zone,WR,4412,0.2959529615288113,0.5089545131942871,-0.008041012165324718,0.11990654928567518
yprr_zone,TE,1677,0.2122439926573755,0.34067946609207,-0.03442331669189085,-0.01659682425796615
proe_std,QB,2333,0.13879950635746066,0.17966713142003962,-0.041616785866540065,-0.12361478853387846
proe_std,RB,3382,-0.03091617726259075,-0.03706945711786431,-0.016316842115219898,-0.05854304534134475
proe_std,WR,5289,0.05832108873380404,0.04456512776662692,-0.026038733182026055,-0.08499550181534797
proe_std,TE,1854,-0.007825138392121272,-0.07494940031716663,-0.07786799764662776,-0.22571261706619544
plays_pg_std,QB,2333,0.07277282893415005,0.08499614332827167,-0.06808221510159682,-0.1825522145965499
plays_pg_std,RB,3382,-0.045280669813290424,-0.07382146100704487,-0.06441002646932495,-0.11892237703019212
plays_pg_std,WR,5289,0.023353309522613008,0.04442039350777787,-0.03879473898392278,-0.05627413079938118
plays_pg_std,TE,1854,0.02702963967837978,0.0750773551801387,-0.016974778021723487,0.033062691477202505
tgt_per_g,RB,2942,0.142565110284439,0.20895742270092563,-0.05630070569637221,-0.05833491799832789
tgt_per_g,WR,5269,0.3356284809883349,0.5368929684677658,-0.02013101318910624,0.06735815542932035
tgt_per_g,TE,1852,0.2241646455288123,0.3718542317694972,-0.06586458613329513,-0.0774283399532948
target_share,RB,2942,0.1599239160685063,0.24055906201273686,-0.06006647831868284,-0.0601012327854885
target_share,WR,5269,0.3443488045530038,0.5560818489951896,0.0032315818085547066,0.11543836260634548
target_share,TE,1852,0.26921590737884243,0.46066727483603703,-0.025503444895755602,0.012711595418808857
air_yards_share,RB,2942,0.004966252507846447,0.021586101789086293,-0.03218541513824864,-0.011146448880343569
air_yards_share,WR,5269,0.2631751264907532,0.44463787304046093,-0.014982152507566794,0.07845351534683058
air_yards_share,TE,1852,0.21216381144915747,0.3702902228072618,-0.0398669432731726,-0.0046091223584483155
adot,RB,2942,0.002440050252760195,0.019161960684315783,-0.034315055633520754,-0.011612689551620495
adot,WR,5269,-0.04361160473106821,-0.03589894151353552,-0.039735893788524934,-0.03757082605547592
adot,TE,1852,0.019381133610832574,0.0771831702348566,-0.05207295324121678,-0.014884700970973936
catch_rate,RB,2942,0.0357050213581735,0.05302184308311946,-0.007828315759623386,-0.031532599756340776
catch_rate,WR,5269,0.09436508252398011,0.10010355984640966,0.00658853725883148,-0.005906418586868319
catch_rate,TE,1852,0.09116399441171555,0.14158451561418806,0.04557206113661784,0.09903918224858284
yac_per_rec,RB,2935,0.049377142684754814,0.12429362202591017,-0.021024892111479575,0.06890353057751822
yac_per_rec,WR,5269,0.07926374319585863,0.15321280358611344,0.0086981360102407,0.062028340836376684
yac_per_rec,TE,1852,-0.004832674103486803,0.0071321795835295266,-0.024274446024193472,-0.0024497885379783876
yds_per_tgt,RB,2942,0.07224876230677102,0.1604596056998738,-0.04251275619545362,0.033021669973773364
yds_per_tgt,WR,5269,0.10220094086910077,0.16175039708994143,-0.028343977984731965,-0.006113202554468776
yds_per_tgt,TE,1852,0.11091871267810788,0.19423371817210586,-0.015153301354650922,0.0438681732497192
epa_per_tgt,RB,2942,0.06794530028497826,0.12421156773044316,-0.03991498974183984,-0.02452355185222558
epa_per_tgt,WR,5269,0.10986092971735603,0.1699963613299076,-0.012851127566633347,0.02488957915535631
epa_per_tgt,TE,1852,0.11026407595653438,0.22197142781723905,-0.007342569226005144,0.0907688140043017
succ_rate_tgt,RB,2942,0.06027971753701545,0.10380949829700294,-0.048591273450302626,-0.06214605433334858
succ_rate_tgt,WR,5269,0.1364279732002124,0.17078485473945426,-0.0052449646112470915,-0.013846440081495173
succ_rate_tgt,TE,1852,0.11874222819735422,0.21491173327756083,0.008248671902012086,0.07625947003249922
deep_tgt_rate,RB,2942,0.03825978812345021,0.07899635639730095,-0.06209942163453679,-0.023212593128489376
deep_tgt_rate,WR,5269,-0.05033947441685835,-0.04248374771983068,-0.041815623937494543,-0.03786261100405392
deep_tgt_rate,TE,1852,0.0008183095640288344,0.05321384374449512,-0.03134386636018007,0.005433169842329203
rz_tgt_share,RB,2940,0.1438970936265152,0.17365324988144581,-0.03621085332022778,-0.09768500371562994
rz_tgt_share,WR,5269,0.20243363590356422,0.3167711252887194,-0.015540414492432791,0.0261750423373143
rz_tgt_share,TE,1852,0.11518114059120707,0.16252193863772973,-0.06000155255426842,-0.10278924980449826
endzone_tgt_per_g,RB,2942,0.032022143213529405,0.04853736014179554,-0.04471169998851425,-0.041343569479180095
endzone_tgt_per_g,WR,5269,0.11331149885856891,0.191890628155179,-0.08183276329598822,-0.06788632601179584
endzone_tgt_per_g,TE,1852,0.07174631989616014,0.08846910087592928,-0.07823300323202986,-0.13368276555747008
target_quality_cp,RB,2942,0.05250403379726919,0.08704689816710917,0.039742938901856914,0.042674916824118024
target_quality_cp,WR,5269,0.05896841016900483,0.050825895870053504,0.04653191946906644,0.038388517582611685
target_quality_cp,TE,1852,-0.025918707101208017,-0.09393870786139077,0.03769776463821802,-0.00787223358720145
xyac_per_tgt,RB,2942,-0.016151031501134634,-0.027769493487075213,0.02930890439397338,0.053761088658447295
xyac_per_tgt,WR,5269,-0.0005979450388543275,-0.03691742412731005,0.023456960677284644,-0.012001115471971411
xyac_per_tgt,TE,1852,-0.0357560698558879,-0.04065967293230328,0.025732313448185724,0.05541473423413386
first_down_per_tgt,RB,2942,0.06329177552420824,0.0894524284098948,-0.041088595406172636,-0.03797130913107156
first_down_per_tgt,WR,5269,0.1257747359127381,0.18613520974906966,-0.007276865371285995,0.019580962049004884
first_down_per_tgt,TE,1852,0.13149289225259797,0.24895577812980124,-0.005538549352591148,0.07032334148822622
rec_td_per_tgt,RB,2942,0.08214562703517427,0.14950182987756633,-0.046718528443331984,-0.03471794942074411
rec_td_per_tgt,WR,5269,0.03737580446797581,0.09896606950486611,-0.04032397836796814,-0.0013798495347804817
rec_td_per_tgt,TE,1852,-0.004222980167846641,-0.013034573932962593,-0.04828018346797734,-0.08550685500224359
catch_over_exp,RB,2948,0.03826901728526933,0.07447828121940175,-0.027115183087150673,-0.04020870643390561
catch_over_exp,WR,5269,0.11176426028571675,0.1585425008743204,-0.029770332362966903,-0.02715487925453992
catch_over_exp,TE,1852,0.15110132523594744,0.2570739787630547,0.030797070775110718,0.10228841633224359
car_per_g,QB,1348,0.17557279589113817,0.2672546124581184,0.004779505010679793,-0.002561141841985255
car_per_g,RB,3303,0.37608343043575043,0.5019381941169386,-0.023844600272102882,-0.07555854699076252
car_per_g,WR,737,0.011884431292554893,0.014428883655281862,-0.013560906348514536,-0.02427522115583607
carry_share,QB,1348,0.17372608861335503,0.2571967912350352,-0.004003680343387963,-0.020789833937424826
carry_share,RB,3303,0.37575170034947325,0.5177485234261388,0.004662875826195638,-0.0012940733790733786
carry_share,WR,737,-0.03184635094352937,-0.015645673266366174,-0.053287075914210225,-0.0657716779045979
ypc,QB,1348,0.14506135967634246,0.17966203335031988,0.012946344491632336,-0.03513485344612869
ypc,RB,3303,0.15277888223241498,0.20782975345704502,0.015914504165658473,0.0071982178694699585
ypc,WR,737,0.031677387258353715,-0.03105274241500036,0.018091256751992104,-0.06545430362609937
epa_per_rush,QB,1348,0.08618098985198334,0.06405619654555568,0.029622255852807533,-0.026583033409181153
epa_per_rush,RB,3303,0.09766151030171803,0.11801136614918926,0.004354518516237482,-0.014349891842357765
epa_per_rush,WR,737,0.029868174064175957,-0.03306260079553084,-0.0001476338062890982,-0.0746164923380456
succ_rate_rush,QB,1348,0.010775859352767274,-0.06614806395963939,0.025244972613663437,-0.025152584575590095
succ_rate_rush,RB,3303,0.08511739756355303,0.09314530486494309,-0.01935663778171645,-0.06958913112788744
succ_rate_rush,WR,737,0.0015581345610149722,-0.041255475113897086,-0.010595859169707154,-0.04658343835733715
stuff_rate,QB,1348,-0.04662994903351503,-0.041180495997960066,-0.01058583389385875,-0.00809842646614584
stuff_rate,RB,3303,-0.005428904287586757,0.011290975583439068,0.014892127120469428,0.06321650406897782
stuff_rate,WR,737,0.023566443851923323,0.11534146195452681,-0.03548630269040992,0.05778315129646349
explosive_rate,QB,1348,0.1548547963436151,0.2152418719086272,-6.113631907088132e-05,-0.04594247071919986
explosive_rate,RB,3303,0.09320307461560977,0.09912405576496783,0.004192993460677412,-0.018424311103416104
explosive_rate,WR,737,0.04216027526444552,0.03780704163430307,0.0012501992008555145,-0.04816374023107407
goalline_share,QB,1286,0.11431082071196053,0.1267517650999239,-0.01512304103411466,-0.09510214884119016
goalline_share,RB,3256,0.2647463559969562,0.3611652229492847,-0.007667488505902742,0.005834366115530273
goalline_share,WR,664,0.02761720182223507,-0.0642090142912476,-0.00600209517513538,-0.16003739900368116
rz_car_per_g,QB,1348,0.21212723581197407,0.30932254157064343,0.017511449520172574,0.004029804259977475
rz_car_per_g,RB,3303,0.30118474917988,0.37403326503086515,-0.05649029800745807,-0.1456210174162443
rz_car_per_g,WR,737,0.06284663608615633,0.06553697337625009,0.00775461134131321,-0.032275455458681476
first_down_per_car,QB,1348,-0.00038827097890921077,-0.056474466285236634,0.03282625146463844,0.005340605812452771
first_down_per_car,RB,3303,0.020804181228092123,0.02729562080735639,-0.022246752367969126,-0.031240262568382575
first_down_per_car,WR,737,0.03239374391785119,0.004417706170779616,-0.008779188310801479,-0.03702280440429202
tfl_rate,QB,1348,0.10539604811433229,0.1914172308434233,0.037809380963277725,0.09598642346022099
tfl_rate,RB,3303,0.02177231682492253,0.05678182897522474,0.025351587000220308,0.08154423234186675
tfl_rate,WR,737,0.014982280515368655,0.12522554207821865,-0.040297374280089025,0.03937720638709246
short_yd_car_per_g,QB,1348,0.052290166574599575,0.0017730173774013576,0.03265702057973021,-0.017440218148952864
short_yd_car_per_g,RB,3303,0.1568138199037404,0.19884302357342706,-0.03190405214278445,-0.05460261048169201
short_yd_car_per_g,WR,737,0.11638770407049731,0.10144563632907119,0.019786505755810292,-0.03480136068617615
rush_td_per_car,QB,1348,0.10415768541728894,0.13298143024485054,-0.007151242638056985,-0.06980529182161299
rush_td_per_car,RB,3303,0.11548128594986327,0.1570651012950831,-0.05531822434119511,-0.10877843654108738
rush_td_per_car,WR,737,0.06604974764860538,0.06416305250795097,0.032770200861268736,0.039339596213764635
dropbacks_per_g,QB,2324,0.02318365596193079,-0.03881539868071119,-0.11912033883391179,-0.26804596157102695
comp_pct,QB,2324,0.14459072780752383,0.15890291825474687,-0.0013388186155981823,-0.09551899908849631
yds_per_att,QB,2324,0.19486122270600095,0.3049424073144716,-0.027908555170538783,-0.028834896690100916
td_rate,QB,2324,0.18043204660332482,0.3206318134875088,-0.047963128518241464,-0.023917628642955605
int_rate,QB,2324,-0.1008956732327747,-0.13532525340420404,0.009153011267811427,0.06519933286912659
sack_rate,QB,2324,-0.08618761915996043,-0.11111817209186943,0.027783442793018344,0.07358311310934201
qb_adot,QB,2324,0.06502614611256889,0.09278321449404371,-0.004581392770499082,-0.007966765041795257
qb_deep_rate,QB,2324,0.051637340771981496,0.059459880549268984,-0.006177609360947491,-0.028775573092507983
epa_per_db,QB,2324,0.23250467346923,0.3431390294976923,-0.02919034244940428,-0.07145434913128182
succ_rate_db,QB,2324,0.20137433049395762,0.2993748121219965,-0.020397119399152282,-0.04524976762822406
hit_rate,QB,2324,-0.09593942446748521,-0.1483393799332724,0.02029299037896907,0.02816678707931249
shotgun_rate,QB,2324,0.05150846847046711,0.045943052709560714,-0.03144934001564038,-0.14164887845736712
cpoe,QB,2324,0.17272245855375737,0.21660158570157104,0.002691806004715204,-0.04779820671926179
team_plays_per_g,QB,2333,0.05101907272866304,0.051341966664631984,-0.07084562834491837,-0.18874378770416247
team_plays_per_g,RB,3382,-0.050633701621230424,-0.08659801505691732,-0.05738997962526768,-0.11091399508125645
team_plays_per_g,WR,5289,0.012021136875104227,0.02284648943342551,-0.04054201553965575,-0.06600994243903822
team_plays_per_g,TE,1854,0.02967952039213952,0.08078934663480707,-0.013779570701826036,0.03789814245433578
team_pass_rate_std,QB,2333,-0.07418434819379913,-0.16326044365291198,-0.07047974418354239,-0.169119371049451
team_pass_rate_std,RB,3382,-0.017173331056423744,-0.047961327274525345,0.04700117799251489,0.07176854046801319
team_pass_rate_std,WR,5289,0.013917176350222158,0.006750844145074335,-0.031107011412072085,-0.052587787676744525
team_pass_rate_std,TE,1854,-0.07841777572387666,-0.20937347021805877,-0.10887839277337784,-0.29600748985176056
team_neutral_pass_rate_std,QB,2333,0.04883038707251954,0.012148822428881743,-0.057590505478863414,-0.16989394540169556
team_neutral_pass_rate_std,RB,3382,0.013479656487986325,0.008003776893544583,0.0013559117449762556,-0.030878739214005677
team_neutral_pass_rate_std,WR,5289,0.07384787425920336,0.07761850680189743,-0.0201071553236895,-0.05691705087580272
team_neutral_pass_rate_std,TE,1854,-0.08133955437192696,-0.18967497661777327,-0.10776155804034035,-0.2547601901446452
team_epa_play_std,QB,2333,0.2623760912029282,0.41599001739531966,-0.03787125719278228,-0.07346682079766008
team_epa_play_std,RB,3382,0.04364478268402402,0.08683732442996409,-0.08054296577327089,-0.15881606670110007
team_epa_play_std,WR,5289,0.08202914439289846,0.09899518380864901,-0.01172866819235726,-0.04902406022338585
team_epa_play_std,TE,1854,0.1004569970236042,0.1466061103164945,-0.008644108051335113,-0.00753506511314461
team_nohuddle_rate_std,QB,2333,-0.0861687559957612,-0.16250561437962108,-0.022475397974899936,-0.09557112015733862
team_nohuddle_rate_std,RB,3382,-0.09315397630956049,-0.1674254817717973,-0.0054922075464044024,-0.059099195781958144
team_nohuddle_rate_std,WR,5289,-0.010666083791368958,-0.01606050474760054,-0.011288623190491492,-0.031896680570197546
team_nohuddle_rate_std,TE,1854,-0.08684141445369285,-0.15918524002814083,0.015866758816190863,0.01089140129731926
pff_grades_offense,RB,2902,0.20922106164958015,0.315448223317066,0.004439056632853057,0.02950317892992591
pff_grades_offense,WR,5261,0.2967313478694078,0.4794591626088102,-0.004998330007151521,0.08888732657279198
pff_grades_offense,TE,1850,0.24634341189761902,0.47572372461697476,0.01611928410657874,0.15410831106231093
pff_grades_pass_route,RB,2902,0.04830478164305418,0.13136309106263389,-0.03505828958956668,0.00709078622675374
pff_grades_pass_route,WR,5261,0.2970890975029643,0.4777874809293862,-0.006847240508244973,0.08857179503754543
pff_grades_pass_route,TE,1850,0.22081495589215341,0.4451252266893556,-0.01447145408865317,0.11405166002881867
pff_yprr,RB,2902,0.025070733641336693,0.12654358884916184,-0.047476957905328764,0.06279059286169619
pff_yprr,WR,5261,0.2385397177679062,0.4134625799361278,-0.016981620854299204,0.08200564770956227
pff_yprr,TE,1850,0.1719529362689024,0.3351770132172629,-0.05677393753815878,0.012051844119607507
pff_route_rate,RB,2902,0.08492050736012904,0.14368047240873702,0.015688741410374508,0.03990401357948953
pff_route_rate,WR,5261,0.02199107727538849,0.0709815345478109,0.009477484902769208,0.04832122654724791
pff_route_rate,TE,1850,0.05026024916995375,0.11914096010784578,-0.02080959217122265,0.010656126335521151
pff_slot_rate,RB,2902,0.04031395282678376,0.10014765661101084,0.004539197182691027,0.025917582187653613
pff_slot_rate,WR,5261,-0.025242509987887952,-0.048184813732774605,0.010980778054143266,0.005116416236128065
pff_slot_rate,TE,1850,0.02011138101500445,-0.014408432378963278,0.0047571841644335104,-0.04737033790453301
pff_contested_catch_rate,RB,433,0.08220850590952895,0.1789823686307227,-0.02339798173109816,0.02356952189897953
pff_contested_catch_rate,WR,3571,0.06866776088515612,0.1441843973011419,-0.032038890608639674,0.0352811485156015
pff_contested_catch_rate,TE,1106,0.09108565487205902,0.30054884858065856,-0.017994708471934812,0.18171610926130471
pff_drop_rate,RB,2811,-0.02260838609867066,-0.061367036050787506,-0.009074603860547132,-0.008866014822372313
pff_drop_rate,WR,5137,-0.01733046291153793,0.019532088234784837,-0.00185461794685984,0.020161985199702043
pff_drop_rate,TE,1812,-0.0015245617149466882,-0.07520589010229034,-0.011920479139135309,-0.14777010788360417
pff_avg_depth_of_target,RB,2902,-0.010836225174774047,0.012062869396867895,-0.049289239937583995,-0.03252742262715752
pff_avg_depth_of_target,WR,5261,-0.04533289511328463,-0.03421934522743173,-0.045434399029837945,-0.04309109568038445
pff_avg_depth_of_target,TE,1850,0.034404609822717314,0.08973236299546493,-0.04736022740081763,-0.026907275434504142
pff_yards_after_catch_per_reception,RB,2766,0.055478329492507215,0.16012652699836752,-0.04191866303523956,0.08248317153039217
pff_yards_after_catch_per_reception,WR,5087,0.08691186641309137,0.17846522191056202,-0.002726068372547465,0.06578720957977172
pff_yards_after_catch_per_reception,TE,1803,0.0034116237107747805,0.04379071018595835,-0.04320931295640103,-0.009357633092490146
pff_targeted_qb_rating,RB,2902,0.10205460546591591,0.19177067744583867,-0.04685986397986039,-0.004748155586869791
pff_targeted_qb_rating,WR,5261,0.1501469616959151,0.23046817551053542,-0.011752723368772734,0.02669630809585994
pff_targeted_qb_rating,TE,1850,0.10732205189592312,0.19170153714156188,-0.0156295418598897,0.04214025200725714
pff_grades_hands_drop,RB,2821,0.07522142228450565,0.14132686164263328,-0.008021840164805925,0.021216582041751652
pff_grades_hands_drop,WR,5146,0.13441829516974707,0.17338002297867183,0.007741054616895704,0.027504063997997423
pff_grades_hands_drop,TE,1813,0.09049541911731675,0.2097539419984098,-0.002161787231181377,0.11981457986267671
pff_avoided_tackles,RB,2902,0.06527065681803133,0.10303246886298145,-0.04905076582361277,-0.03747354836562734
pff_avoided_tackles,WR,5261,0.19719634719278567,0.31092013331457896,0.012477185579711024,0.08928512042370954
pff_avoided_tackles,TE,1850,0.1562740809352014,0.2711722087947246,0.029656013096059974,0.07593602627782906
pff_positive_epa_percent,RB,2902,0.0906533171577791,0.12896470960682388,-0.07099202599217555,-0.15762359593324812
pff_positive_epa_percent,WR,5261,0.09491645445018089,0.1104626440381718,0.004546353156934921,-0.03196311612223157
pff_positive_epa_percent,TE,1850,0.13256826530638605,0.18874116159247767,0.004279157361525769,-0.012871655292078206
pffr_grades_run,QB,2132,0.12525399056834702,0.17881135168922396,-0.035432227443230026,-0.1298463539486948
pffr_grades_run,RB,3303,0.20792637031236474,0.27594293185491314,0.016702923645620132,0.013836727136949526
pffr_grades_run,WR,693,0.09688405924770281,0.0809417714801367,0.060515744099860894,0.0432360736197807
pffr_grades_offense,QB,2133,0.24829747839093616,0.36225225833594293,-0.02874020492104698,-0.07726919709744356
pffr_grades_offense,RB,3303,0.2195525977483189,0.3168288041534678,0.0014005832310745206,0.011596565033957382
pffr_grades_offense,WR,739,0.260965971128071,0.35704032835892846,0.07013539745384682,0.09950708751688674
pffr_yco_attempt,QB,2132,0.06817486759749458,0.12451882991691152,0.024165811296931225,0.028908953063443963
pffr_yco_attempt,RB,3303,0.16321209446676627,0.21739554218851034,0.046711670818949724,0.042295908576594723
pffr_yco_attempt,WR,737,0.03845331372407091,-0.0035399263869708786,0.057686851282810564,0.016749177216830082
pffr_elusive_rating,QB,2133,-0.0014249504904158487,-0.006288892610429477,0.003609809634371371,0.0033938951351250683
pffr_elusive_rating,RB,3303,0.09907352359545078,0.1304606116827228,0.03954429885180439,0.03778516674888464
pffr_elusive_rating,WR,739,0.04511134040282991,-0.02776263532867007,0.057587717115616534,-0.036067025955502256
pffr_breakaway_percent,QB,2075,0.15471734062102913,0.2177049308790058,-0.011951155829657842,-0.054126025657799615
pffr_breakaway_percent,RB,3286,0.18532265121182304,0.25908866680926046,-0.012530220709949967,-0.019969216914447165
pffr_breakaway_percent,WR,704,-0.0020970889386066434,-0.028239580757243796,-0.028051937015855653,-0.06547924573500032
pffr_elu_rush_mtf,QB,2133,0.11803288871621245,0.1669818315554212,-0.0047349309215833895,-0.016875640309984334
pffr_elu_rush_mtf,RB,3303,0.3352260873418722,0.44223681445137136,0.01680229718271472,-0.0032590037128621538
pffr_elu_rush_mtf,WR,739,0.05402582818544358,0.060609965909857004,0.04199584416797472,0.05006579272168565
pffr_explosive,QB,2133,0.1613568708451397,0.25168786254074693,-0.02186725727065194,-0.07700276422773365
pffr_explosive,RB,3303,0.32071821554735147,0.39691292101166303,-0.017055007735239304,-0.07787300784616025
pffr_explosive,WR,739,0.04705773769577702,0.047329332032508074,-0.006454802035197241,-0.05539458850098456
pffr_grades_pass_block,RB,2941,0.029505734744515507,0.052935504943293785,-0.010018085799128896,0.027106662189144322
pffr_yprr,RB,3293,0.09253284811814698,0.19762254520533987,-0.04476107174667638,0.035000605167842785
pffr_yprr,WR,738,0.23607395457509223,0.3211311782690858,0.07119147082481675,0.09966308246133936
