metric,pos,n,r_next,r_ros,r_res,r_resRos,res_early,res_late,resRos_early,resRos_late
qb_epa,QB,2332,0.26555432499167797,0.4026459139720584,-0.036552776339033304,-0.10891783120197193,-0.013847553758413287,-0.05783263707612711,-0.08858045070644202,-0.12132789046707547
qb_epa,RB,303,0.1375078520200758,,0.10763639679511064,,0.1282970860909878,0.057566789642686106,0.4035930722750593,-0.19240326622100204
qb_epa,WR,936,0.009998155841279945,-0.02861511009433429,0.0018568808730582637,-0.04528181606281767,-0.04770040588488676,0.056595272336860104,-0.08597417707221196,-0.005045534948982149
qb_scramble_rate,QB,2332,0.1340322993600471,0.24821433108398527,-0.0005030903820336959,-0.018319414990832308,-0.011580082829732321,0.0037688408519362,-0.06567830402651352,0.0023106514534386793
qb_scramble_rate,WR,936,0.039418063942933075,0.07521772820182285,-0.023715016064027296,-0.01124869660467083,0.006316646538872756,-0.052269521122032786,0.0894916053331046,-0.10847058465079695
qb_p2s,QB,2331,-0.09489085191042775,-0.1596278514285305,0.044391997998689606,0.09160299882934217,0.06289005270072971,0.02413364132657954,0.1726286398987004,-0.00451988040968189
qb_accuracy_oe,QB,2332,0.08881709258753644,0.10167942479530924,0.0013980291511480661,-0.027339455501276814,0.0035881888403108244,-0.006523852352303987,-0.0032624046389510206,-0.06935199522414336
qb_accuracy_oe,WR,819,-0.029721152585184832,-0.06925994697058689,0.01748296933691128,-0.009906082005585836,0.0026371307831156267,0.032367100523538576,0.06822953328689786,-0.08193530683107979
qb_accuracy,QB,2332,0.1582384648039746,0.18285811260012413,-0.016213021205338116,-0.12881809494122157,-0.004127065860523614,-0.03365707179738981,-0.13053821216231193,-0.12647625638917467
qb_accuracy,WR,854,-0.08842398005290701,-0.15821947856974264,-0.026573890952356332,-0.06296553791753345,-0.08552849905859272,0.026066827402675175,-0.12656356763988436,-0.019369524078559137
qb_noscreen_epa,QB,2332,0.2712744875505004,0.39937703665073876,-0.035139275413353974,-0.1190478309430999,-0.0124157324043692,-0.05934319803680531,-0.10245108765547263,-0.13535307535649155
qb_noscreen_epa,RB,303,0.13613184698688177,,0.11439168664117709,,0.14433093276276293,0.05590717857121435,0.4269524904151018,-0.16843420092515005
qb_noscreen_epa,WR,936,-0.014646935905523933,-0.0632113435983362,0.012175120110845185,-0.054264833518671445,-0.04052290534606549,0.07225122542113899,-0.08918059106468595,-0.00969507989265186
qb_btt_rate,QB,2332,0.15886860414220527,0.22426708203586634,-0.029816155761565495,-0.07793600477514956,-0.04535960689481136,-0.00954936018519713,-0.12117466361202539,-0.024387594946292213
qb_grade_pass,QB,2332,0.2407909203177033,0.3521701865634743,-0.04036968261288912,-0.09769530244477075,-0.04718542193022056,-0.034674678375816156,-0.14803389376849793,-0.04824325771611174
qb_grade_pass,RB,303,0.21425024080720032,,0.07938200830197954,,0.10858571884887681,0.06274525038196874,0.3190071616473678,-0.25588579362854225
qb_grade_pass,WR,936,-0.07981509319893941,-0.1609444291584433,-0.013552280115121634,-0.056793295519253564,-0.030959901246239343,0.008362464988377562,-0.030404597462609345,-0.05891637509869352
qb_pos_graded,QB,2332,0.2490712437870662,0.37140483380852574,-0.022257262182630425,-0.0886109042758502,-0.0162799754770786,-0.028615672456380532,-0.07857768562215306,-0.10084250898424356
qb_pos_graded,RB,303,0.24532134698609478,,0.021057305034949545,,0.04640520895162053,-0.038265786141973145,0.31579258350012984,-0.28309212989092825
qb_pos_graded,WR,936,0.21073490867038755,0.4139187996622199,-0.004149363716906678,0.19339277880996333,0.06313717257757202,-0.06357737136753468,0.20640709374600494,0.18659368427024142
qb_pressured_rate,QB,2332,-0.06424902499516448,-0.10479324565902039,-0.009601635325341315,-0.04148769195228724,-0.0028103703147883416,-0.030424682487545793,0.023599365579951594,-0.1435114849601511
qb_pressured_rate,RB,303,-0.16036785742785134,,-0.06250514442589714,,-0.06465766346338758,-0.06141987787629735,-0.27119122289848746,0.20192102253709113
qb_pressured_rate,WR,936,0.09671659969113933,0.22805226479499194,0.025947333172274798,0.18249323805115494,0.06732955928413886,-0.012027908460684387,0.30889974896405265,0.07217742199808973
qb_completion_oe,QB,2332,0.1991754375863675,0.24211859317674972,-0.019444587290115153,-0.14115544442869843,-0.008891404093599311,-0.03228142145853955,-0.13090293631330396,-0.15485113746659485
qb_completion_oe,WR,854,-0.039971560275633804,-0.059059567516311466,-0.0031098666928023747,0.004814551640527031,-0.07513258216443532,0.08231051558320936,-0.10088404705746304,0.10796252766850371
qb_pos_epa_pct,QB,2332,0.24021715411208577,0.37151257137512284,-0.026325295539039922,-0.06974116817617908,-0.01611863495099342,-0.03673921349548112,-0.09181224860685433,-0.03671463394328281
qb_pos_epa_pct,RB,303,0.027905527717841407,,0.0970846647286041,,0.1185473430412345,0.06448312148433905,0.40230299315284573,-0.05890059861535993
qb_pos_epa_pct,WR,936,-0.005295983010091077,-0.015168863185351728,0.011040161883510338,-0.006530067525719018,-0.04615169916562886,0.06127329442675087,-0.1070182082886926,0.060701899851393314
qb_npa_epa,QB,2332,0.262486618754392,0.3892073255863617,-0.029407394429930737,-0.11542454946372169,-0.0109224357689229,-0.048712614977931216,-0.07086348752811973,-0.15520440480418618
qb_npa_epa,RB,303,0.13621619474973704,,0.10316392339792177,,0.057293269674211875,0.14771799323888646,0.274630281114477,0.18353165614899036
qb_npa_epa,WR,936,0.010192196055735415,0.014958943078035273,0.03342071806698603,0.05828376993983892,0.016411929184277363,0.05445489101910865,0.04573365180690264,0.07274299860990885
qb_ttt,QB,2332,0.06752389482901719,0.11373854782309831,-0.01794797656565595,-0.034442553297776866,-0.0167649694352431,-0.02720515955159778,-0.022407843750021354,-0.07890274944952994
qb_ttt,RB,303,0.13229330908865294,,-0.04151075451840125,,-0.02820708571859049,-0.03364607543975463,-0.012990929889791393,-0.20814860361881854
qb_ttt,WR,936,0.04702577299952396,0.11034806936119716,-0.047763114788780266,-0.0477134723473887,-0.012918058920129299,-0.08413477565166863,-0.041434204222159064,-0.06855308638351218
qb_grade_run,QB,2331,0.13896510890105218,0.1930910704430624,-0.044880903664477625,-0.17013562576391306,-0.05792189490553672,-0.03901438331747989,-0.25266163895914606,-0.11795850982663804
qb_grade_run,RB,303,0.2892777744383323,,0.10181621388713136,,0.1707086887260567,0.0439106111951304,0.4853984831550003,-0.21659342474571794
qb_grade_run,WR,690,-0.03298664314753664,-0.13675415098055993,0.026386100333400865,-7.825825974827215e-05,0.031079412619975107,0.0011662932465662473,-0.030960918325591252,-0.011515416090947236
qb_sack_pct,QB,2332,-0.10420265056374846,-0.16479758773432113,0.0372632427359189,0.06669617973487306,0.05266297817263579,0.016912289657277053,0.17036278618255585,-0.05728528037154459
qb_sack_pct,WR,936,-0.09543782526163277,-0.20636221776312855,-0.025182570462647585,-0.1355619760447187,-0.03318076748507016,-0.017023144715961346,-0.0814250024685891,-0.178072834220214
qb_neg_graded,QB,2332,-0.13777067914288932,-0.17426823723183843,-0.01437995565276049,0.03419233107415192,-0.026002168098712235,0.0008095890882866294,0.05067160566193014,0.025357659696685082
qb_neg_graded,RB,303,-0.21425848087671184,,-0.08253056693120242,,-0.06191615437023472,-0.05699748574964192,-0.3927360336930185,0.02301573664262406
qb_neg_graded,WR,936,-0.029717359033752375,-0.09214446371663665,0.06333551888694434,0.02888272462215721,0.08624549088605966,0.040949602101006476,0.07153863620825586,-5.185783704237315e-05
qb_pass_rate_oe,QB,2332,0.15082816954227915,0.20129428863198218,-0.05252607734078832,-0.14942470434755833,-0.0691827008565732,-0.03139282765523595,-0.21961664119481683,-0.03825955857454519
qb_twp_rate,QB,2332,-0.1286512745976537,-0.1605464088330427,0.024296299247142963,0.10664722865105715,0.06507704304915256,-0.017323104843279244,0.26842743449697576,-0.05830068515590832
qb_twp_rate,WR,936,0.034819480694411216,0.14951208441335448,0.02493737501891088,0.14582681588550186,0.03588883355501742,0.013084571519641874,0.175159759739088,0.1290233616904261
ru_grade_run,QB,2332,0.13873135694578362,0.19222155980370942,-0.04560370404705499,-0.17100813197334275,-0.057532911035907214,-0.0409293441336768,-0.2519585787966646,-0.12058126660648628
ru_grade_run,RB,3331,0.2008674923459497,0.27729025529431,-0.002532315032618976,0.003115869804059578,-0.0005101901432260777,-0.0050137022484888615,-0.003941591499216221,0.005685350565298823
ru_grade_run,WR,3583,0.039993431711382116,0.02380994610556498,0.010638168830427027,-0.021370443805492606,-0.013775978774277112,0.04035975925990224,-0.11106976436891819,0.08684766468257915
ru_grade_run,TE,668,0.02924669442424876,-0.03358850817478021,0.023281191891063747,-0.052083130359579205,0.011074364375639106,0.021077650420582517,-0.012090247736257363,-0.13143574548483747
ru_pos_graded,QB,2332,0.2485816750218146,0.36953084244217255,-0.023691009407019566,-0.08933552631954332,-0.016199697497601622,-0.03212583136635747,-0.07926868589963543,-0.10274299799454742
ru_pos_graded,RB,3331,0.1872212469918081,0.26943421817915547,-0.0074425966598381755,-0.0022540075005363985,0.014148870755195522,-0.0262614132002105,0.06876774136524481,-0.06631912785106792
ru_pos_graded,WR,3815,0.27630518796334586,0.46550597295502055,0.025429285700500542,0.13800196695541023,0.009865501455152394,0.03771146323866796,0.07822527412686561,0.17204951494998103
ru_pos_graded,TE,761,0.34902882165533095,0.5784282797470413,0.06803067270954748,0.1571889479446337,0.03274203323134142,0.10366827543858118,0.16297052305723184,0.14983129312351567
ru_zone_share,QB,2332,0.09010737990036456,0.10211817856439885,0.016301611339828985,-0.051165424825524455,0.021276134891664546,0.016957460426139246,-0.017171497654647715,-0.077409409374109
ru_zone_share,RB,3331,0.026872163361006392,0.04382573450324261,-0.008453574833955483,0.0026936019697044043,0.004002468896532828,-0.01458788808683851,0.09163626300061391,-0.06895354268862634
ru_zone_share,WR,3815,-0.02576660279100598,-0.03251809664557704,-0.004857626311345967,-0.0034963139668771604,0.02504066990343665,-0.03233038723449653,0.016341005350445467,-0.011131278954170406
ru_zone_share,TE,761,0.055161729742217745,0.04738535588563388,0.005150535456536458,-0.07976153634889648,-0.002683594723990362,0.014132140078087321,0.03845976025912824,-0.1541313467743727
ru_designed_ypc,QB,2332,0.13363948251328148,0.1938881389535193,0.01003746316488287,-0.03483525391649119,0.013806895988317728,0.012305957383657818,-0.024578336984700567,-0.048300706500670997
ru_designed_ypc,RB,3331,0.14946325154844153,0.22434766417592206,0.0038173540416336993,0.026537375122220198,0.0030138217398006373,0.0065613057579426495,0.018894753342394963,0.032593933949396976
ru_designed_ypc,WR,3815,-0.0059462218439048165,-0.04265281550609583,0.013747916652566444,-0.008622516693052189,0.0003717270178098351,0.025342556708119197,-0.08702538530423762,0.06935222401145189
ru_designed_ypc,TE,761,0.12508945766292745,0.21696191461075565,-0.012162089535148742,0.05127553907505054,0.008549752695713623,0.006789216920692496,0.050885736111756945,0.07236939453031543
ru_explosive_rate,QB,2332,0.10183608958322077,0.14996257205500185,-0.02723059093301432,-0.11072671403500048,-0.015692641095107047,-0.03869578421034885,-0.10196142660097958,-0.12275009399909624
ru_explosive_rate,RB,3331,0.08982834998987983,0.11473817809576836,0.0004508717036165392,0.010977801756920704,-0.0021449650219721793,0.004287494961978779,-0.05694637079577807,0.07325354405141271
ru_explosive_rate,WR,3815,-0.00064442389022621,0.025540494040889133,0.00684322855958062,0.050802835206013294,-0.004833612013402232,0.015690066459796738,-0.050570919606403156,0.1595774330378383
ru_explosive_rate,TE,761,0.037696176038474256,0.10525172708343418,-0.023089446040630894,0.057835116452146035,-0.01549223566307429,-0.008875998694089712,-0.07305472057066491,0.19784120076781736
ru_neg_graded,QB,2332,-0.13663648715013643,-0.1732308418445266,-0.015562658618598338,0.0282559000138388,-0.026003991005490616,-0.001027446811379681,0.05039898048464989,0.015342632550183552
ru_neg_graded,RB,3331,-0.07294888191001271,-0.11376494103221178,-0.014351918804282196,-0.02729738659642354,-0.009339596851441973,-0.026755828080441562,-0.0967163718114045,0.019643536767596212
ru_neg_graded,WR,3815,0.024766574000787633,0.0738074762846463,0.044369142365733895,0.11295120656871598,0.052530595661133446,0.03816970285039951,0.135210165452668,0.09578830586163622
ru_neg_graded,TE,761,-0.14544542235334806,-0.09343731534174128,0.028000173799648642,0.2448946021245082,-0.04143403888962975,0.10094030265635619,0.09489232921815771,0.33510319332377775
ol_pbe,QB,2333,0.15134110896815775,0.26563302382210086,-0.0038679379087292153,0.04121941058639206,-0.02265979843878449,0.02542092471112509,-0.032932475254444614,0.14665201783455753
ol_pbe,RB,3394,0.007570114307027889,0.03704742836136502,-0.0437244952978537,-0.09445162868059018,-0.03895133346382277,-0.041742367078210725,-0.02822722223996781,-0.14619707284999742
ol_pbe,WR,5313,0.02940418418671567,0.03477459063501392,0.0048628372009859805,0.015060203972868781,0.0017957121342704043,0.013337667136264664,0.0027843190221164076,0.02302234812537894
ol_pbe,TE,1854,0.08365540904794068,0.1813023242049629,0.017089079516704995,0.07530856084277818,0.04558483967675989,0.02037737613149281,0.2384879496969744,-0.017605711588950357
ol_pressure_rate_allowed,QB,2333,-0.1310174767282159,-0.23019067064518578,-0.002348928247219918,-0.05619208142829185,0.01456046049151177,-0.02920214669088081,0.01693180991608743,-0.16279566690195593
ol_pressure_rate_allowed,RB,3394,0.0009539285064433748,-0.013737023505072173,0.04178105190230441,0.09279784959709617,0.03348130496289079,0.04090539244114484,0.024753653267055524,0.14899329184328794
ol_pressure_rate_allowed,WR,5313,-0.030830630518325044,-0.03895011710553437,-0.011507482563807242,-0.03186794502251588,-0.009332323621259174,-0.01951103716160267,-0.026279598852112826,-0.03147163785846027
ol_pressure_rate_allowed,TE,1854,-0.07444204219424956,-0.15910454571677723,-0.017718644463365574,-0.07187990830755828,-0.05182402011597771,-0.014688580229071399,-0.22173210082347333,0.013447950387741853
ol_true_set_pbwr,QB,2333,0.11968334238131195,0.2186775967750144,-0.022570249298141224,-0.003519279320697272,-0.01883904523685732,-0.02227959452647712,-0.031116119433363676,0.04879619246256661
ol_true_set_pbwr,RB,3394,-0.02979672875605034,-0.022041089443014864,-0.0471684309998011,-0.0875513157690863,-0.049182241906136154,-0.03785143841970289,-0.01850085960005774,-0.1441791585481693
ol_true_set_pbwr,WR,5313,-0.018657175835467266,-0.04832888822639963,-0.005571506050913351,-0.013576431912697974,-0.013977629622530215,0.0035627773935021432,-0.03324861469005559,0.0017848085996842145
ol_true_set_pbwr,TE,1854,0.0406687436190196,0.11419978228564003,-0.02644493169812066,0.016163964099891324,0.011479727564368897,-0.04426417344903645,0.1310669537575681,-0.06213782148392189
ol_pbwr,QB,2333,0.14688029806972966,0.2430237409523583,-0.014470985357660894,-0.002602313374151346,-0.017837172685689497,-0.002845724123631003,-0.04064566467070619,0.07488619271474067
ol_pbwr,RB,3394,-0.015105036351902626,-0.010939756350099581,-0.05358198597783271,-0.11723231860807687,-0.04363228343579678,-0.05271726456624025,-0.020721459353612942,-0.1973985453857119
ol_pbwr,WR,5313,0.0216206026061571,0.027945374319563107,-0.0041316842310398175,0.009972772410090595,-0.013737861090238798,0.008696401769009241,-0.024274831082225806,0.03921355914014808
ol_pbwr,TE,1854,0.06690209436836449,0.16453260122499086,-0.007718430657204565,0.06266180948343104,0.03787607178318087,-0.026573929547567234,0.23172212785629243,-0.054127782414457606
own_explosivePlayRate,QB,2333,0.1619202953824586,0.21413704905654485,-0.04487848242922873,-0.09228692585527842,-0.022993583971441963,-0.07019951101827084,-0.062799313848628,-0.12486752611508575
own_explosivePlayRate,RB,3394,0.04088655335383947,0.048657544085859344,-0.04776923796444415,-0.1305187642587926,-0.0520016213294692,-0.04430996824114969,-0.12909583187600332,-0.14444747750952763
own_explosivePlayRate,WR,5313,0.05659198058327226,0.08339427903042687,-0.01065606314290984,-0.03888847332205475,0.020517051627184903,-0.036462431585307944,-0.0031481082019624313,-0.07975035598697214
own_explosivePlayRate,TE,1854,0.08568173752306205,0.15084493589870504,-0.010872020235329153,0.014857858141785786,-0.015794486912077393,0.004708984835142428,0.09912108989776633,-0.04059218139366139
own_redZoneConversionRate,QB,2333,0.19260664625046642,0.2771492484048604,-0.052800840331672254,-0.09203199180706768,-0.017701223239558795,-0.0916811232387073,-0.054916459183468186,-0.12336852756936684
own_redZoneConversionRate,RB,3394,0.048615894873298364,0.10749475316339635,-0.05744172930062487,-0.09351361323045979,-0.0329384629058752,-0.07287144064164006,0.0457015596823426,-0.2087160098305203
own_redZoneConversionRate,WR,5313,0.08468225592750839,0.12347585221737178,-0.007315326074547247,-0.031217976907170434,0.003509808638168687,-0.018010394123856285,0.002370180749328412,-0.08425588001979756
own_redZoneConversionRate,TE,1854,0.06031280343417509,0.09963589378530423,0.0011464054884773199,0.01746005380160766,0.016929501621716418,0.010316729556142547,0.07577114067849779,-0.005195170174738336
own_epaPerPlay,QB,2333,0.2679392023431832,0.3902384290801546,-0.048241862987927875,-0.12364952211013985,-0.029086814126480842,-0.0636157985880243,-0.11685325233110974,-0.10608986866397901
own_epaPerPlay,RB,3394,0.06634620301609852,0.14043814503123256,-0.0790561826263169,-0.13363138320552775,-0.0688086659142051,-0.08628484013355002,-0.012155937366968236,-0.22784929360735826
own_epaPerPlay,WR,5313,0.09075660772690794,0.12100048180123775,-0.009867805277658948,-0.041639784126736294,0.01260055612007438,-0.031013777618740405,-0.04242796748946636,-0.06162007466612872
own_epaPerPlay,TE,1854,0.11287416248198623,0.1586871440930532,-0.02140612991895174,-0.040448914161813815,0.007728179997364472,-0.02854525358763949,0.12351501224770675,-0.13915797747014125
own_pointsPerDrive,QB,2333,0.2649862660668411,0.38610108333170184,-0.05736680226712193,-0.12449272514563439,-0.050509678883618105,-0.06666701023095982,-0.12243182408071257,-0.11940500967261265
own_pointsPerDrive,RB,3394,0.0620427450317351,0.12000106081594622,-0.07903047294295656,-0.14547931380380616,-0.06057791667231627,-0.09119717780308235,-0.013061528115762258,-0.2521451410067409
own_pointsPerDrive,WR,5313,0.09473516933109397,0.12541071610352755,-0.011764405389341046,-0.046691953304154044,0.007425342160827537,-0.032333480754474626,-0.03672992954742521,-0.07124177536130497
own_pointsPerDrive,TE,1854,0.1081165356198014,0.15593389160120455,-0.018335820347763765,-0.026405949137217426,-0.0028523027473419675,-0.023119829448540463,0.1491480407516637,-0.150422536458982
own_wepa,QB,2333,0.2710521092639417,0.3994834929373285,-0.03975920692011879,-0.10073127789774088,-0.019567454352095996,-0.05854454327665944,-0.08948574033385204,-0.09263528377698442
own_wepa,RB,3394,0.06669898491004404,0.14139299980994788,-0.08256165564008253,-0.14022888846360904,-0.08232334702318979,-0.08404163037651784,-0.03991626608939559,-0.22002122429597065
own_wepa,WR,5313,0.09568435764833817,0.1353200064436116,-0.012040812723783541,-0.039542922326960356,0.010385988601352083,-0.03357724699746068,-0.04433238505381999,-0.06090373315976503
own_wepa,TE,1854,0.11550144493055974,0.17015760248184159,-0.023646034025029065,-0.0374166202525464,0.006592202791951331,-0.0232728877430258,0.11509543102692209,-0.12118091359758743
own_thirdDownConversionRate,QB,2333,0.2482088028183994,0.3760636148911653,-0.007176890365960038,-0.04365070753726209,-0.0003000808469099357,-0.0096911964731423,-0.0387042817901141,-0.031167181129566304
own_thirdDownConversionRate,RB,3394,0.024371556122004253,0.09709434880926521,-0.07911394380031868,-0.10499572622672934,-0.08102330667287651,-0.07017674376007413,-0.06871212948594786,-0.12725702928629987
own_thirdDownConversionRate,WR,5313,0.0550106096557877,0.08589492410951981,-0.013989555199647655,-0.01571101575833129,0.005368120885567068,-0.032770633874480995,-0.022822402441157026,-0.019963881979834813
own_thirdDownConversionRate,TE,1854,0.12483979388036515,0.18369900994320476,-0.016858245670079063,-0.03626141813493207,0.027095610604626515,-0.034068513545763124,0.17345618424138112,-0.1889610639964556
own_successRate,QB,2333,0.24474730352279947,0.3596926919705896,-0.04677109858338132,-0.10161724337860527,-0.038941369626013016,-0.052286429498340524,-0.12759765242313223,-0.062471154569347334
own_successRate,RB,3394,0.04078069033213161,0.10378153146650464,-0.08328653752614841,-0.14266370487182017,-0.07066363917696594,-0.09206213024490421,-0.04565637882053413,-0.2224845965154729
own_successRate,WR,5313,0.07922889943676328,0.1009221676392461,-0.020466478365861428,-0.06637727320370737,-0.011868017957564253,-0.03122213876567297,-0.09553778706849557,-0.06289230112804749
own_successRate,TE,1854,0.10729028006248616,0.15760076546202909,-0.027847897131053317,-0.052214918105874676,0.0072081008283285,-0.04417209654530989,0.13219312594481714,-0.1709328480971492
own_conversionAfter4,QB,2333,0.2620144268976347,0.3640413265188259,-0.05359679664276634,-0.15171418178844148,-0.054843250892171735,-0.05016651023823689,-0.16400068783373886,-0.12175370492284654
own_conversionAfter4,RB,3394,0.053939340380752356,0.1282306063764636,-0.08677912983858369,-0.13472285946264007,-0.07730528818382759,-0.09224820814959464,-0.019824551150796267,-0.220692469809175
own_conversionAfter4,WR,5313,0.0828058173374891,0.10735795436672735,-0.017618572295860887,-0.05549304683348363,-0.001388344986688109,-0.03621313915557767,-0.06647983541586121,-0.07071066214678157
own_conversionAfter4,TE,1854,0.12241172239168914,0.16791744262543762,-0.025588888041943227,-0.06523172518979783,1.1916513290052327e-05,-0.031029305164156234,0.10295142707694983,-0.17585077731355583
own_epaPerPassPlay,QB,2333,0.2660679715376566,0.38947975823673164,-0.04063653200980019,-0.10511812414538282,-0.01909309289316978,-0.059590817522386964,-0.07569428464581361,-0.12016714297339075
own_epaPerPassPlay,RB,3394,0.0670314057770726,0.15264810009794616,-0.07534346340114562,-0.10968399338385111,-0.0663903441389568,-0.07974193673385765,0.017006168368383527,-0.21054984209870312
own_epaPerPassPlay,WR,5313,0.09016967598906361,0.1242623475944956,-0.01125055525494248,-0.03925089839273946,0.00799406048729431,-0.027586324620365716,-0.018353134783003672,-0.0729029757377057
own_epaPerPassPlay,TE,1854,0.11854396189846049,0.1702059480885975,-0.018985886355819992,-0.04170153821248359,0.0030500280096681315,-0.021091455332033885,0.09591076318313933,-0.12714036285219332
own_passerRating,QB,2333,0.23321302087242243,0.3430539874454073,-0.03517202828737634,-0.071125579853505,-0.025382902429459626,-0.04650621761080351,-0.08218352245158878,-0.058765538574419324
own_passerRating,RB,3394,0.07328525501645854,0.1503533357302143,-0.06024212420861835,-0.08906030282739563,-0.0388358732451366,-0.07554527546603823,0.04890691249951724,-0.20564778736114972
own_passerRating,WR,5313,0.0966564898124495,0.13601250414953983,-0.0006471957191789354,-0.024929661131171628,0.015623682803119331,-0.016420022044403022,0.008768894874177596,-0.06599584334264476
own_passerRating,TE,1854,0.08057137051117154,0.11971769586810664,-0.017630847325114104,-0.009252466292342252,-0.008100301775701658,-0.021214430525601565,0.0518581696036868,-0.05188690451994162
own_targetShareWR,QB,2333,0.04067215645392713,0.07816093424033764,-0.016791882728081742,-0.007192423302639487,-0.006173295368252296,-0.03574066348032125,0.016445556103950775,-0.05033077927541384
own_targetShareWR,RB,3394,0.029604452987575632,-0.002405121142755638,0.0369301656482735,-0.021190214832039315,0.05312439218247582,0.020351672920367585,0.050224855418272686,-0.09293168466810933
own_targetShareWR,WR,5313,0.08536917583320729,0.13418457306589615,-0.020002726835963897,-0.019529524222772012,-0.020943361951389548,-0.021723862749848964,0.02417595113937303,-0.07062573351790138
own_targetShareWR,TE,1854,-0.1235951100600675,-0.21394659411637676,0.028520687473324396,0.008602236024580406,0.05431703941663473,-0.011682176627529876,0.04454997828872432,-0.04867178848957818
own_passesBehindLosPct,QB,2333,0.03368729805997091,0.03042169521993079,0.014806411660116479,-0.03644969729535056,-0.006079946705350611,0.030316949035934546,-0.1065744830105947,0.026666424761500825
own_passesBehindLosPct,RB,3394,-0.07113402683386892,-0.08988633475872787,-0.02694745285855902,-0.05467015269159127,-0.04093664422133723,-0.024953914123128095,-0.11584293721243864,-0.03769539924430466
own_passesBehindLosPct,WR,5313,-0.014755272810826718,-0.05639605758757097,0.013620730678108112,-0.032322811046013866,0.01619870038451382,0.006906824504198585,-0.0178712616784174,-0.04708575085206061
own_passesBehindLosPct,TE,1854,0.030194277273239364,0.06818808239657326,0.027522603627543114,0.06684997664580587,0.02001323627542029,0.004491631801370662,0.07213654688128035,0.022771113739255076
own_pressureRateAgainst,QB,2333,-0.05881252820847222,-0.08520842532919977,0.003192198934935457,-0.010859983833413868,0.023946329428533784,-0.028511252534520783,0.09926836818506175,-0.16421549912656702
own_pressureRateAgainst,RB,3394,-0.07439830645111527,-0.12327197692429048,0.013712960598981328,0.044197394712269064,0.01888057783714199,0.0005433607055064701,0.03803094028552408,0.05033125937352078
own_pressureRateAgainst,WR,5313,-0.05105290937597007,-0.06302846550387946,-0.020999127199773,-0.03592069585137073,-0.029058661895389352,-0.019944986147013347,-0.03990642556587102,-0.0278816262415571
own_pressureRateAgainst,TE,1854,-0.010360409628510498,-0.06760457388790148,0.014089934309367969,-0.056947007450398594,-0.026220185147003094,0.024891655721906592,-0.15232885023621864,-0.01736306491704258
own_pressureOeAllowed,QB,2333,-0.10485576546322256,-0.17859066332249562,0.04109910476415382,0.02960606678071706,0.05706429816317383,0.01967642415433208,0.1113741804150096,-0.0769735819754628
own_pressureOeAllowed,RB,3394,-0.002712708584870285,-0.013186136915981306,0.03197165756241521,0.11372479236291619,0.03459559524109671,0.029453799254498387,0.07691483404533306,0.15520538526511565
own_pressureOeAllowed,WR,5313,-0.024390108976900377,-0.012521021064017463,-0.011670111310886317,-0.00655775935637638,-0.008271961955207217,-0.01659378161892672,-0.01483474499115035,3.679639835594942e-05
own_pressureOeAllowed,TE,1854,-0.02622193043484174,-0.09148732395228218,-0.013288165415856699,-0.11205954184505268,-0.03706154511964662,0.006477642390273788,-0.22021341105679965,0.0015967783050125641
own_scrambleYardsPerCarry,QB,2328,0.08182524297949353,0.12091330467742745,-0.02164370587063526,-0.08425830749308859,-0.01601799261143383,-0.03394750094999494,-0.06717631035426154,-0.12272927135695648
own_scrambleYardsPerCarry,RB,3382,-0.010990241463251107,0.02496863143188297,0.0128352949805022,0.06689141414525285,0.05628286039933746,-0.030613163866217732,0.14472626173753128,-0.017149066686990164
own_scrambleYardsPerCarry,WR,5298,-0.023060118976467075,-0.09235178188159239,-0.0184823311194998,-0.10792643271358648,-0.015554445843335188,-0.023659403702587144,-0.09999718021883842,-0.11979225869215526
own_scrambleYardsPerCarry,TE,1852,0.050067387928823114,0.04271131018847936,0.030184756788751075,-0.024043853207244573,0.07105021793988218,-0.030357948983314897,0.09234943705709252,-0.16407296008802183
own_passPlayPct,QB,2333,-0.040291336936094324,-0.08490917218156362,-0.05015881891136411,-0.11912184076705497,-0.07905442247616198,-0.01067764390215161,-0.16752014130787257,-0.034809313521989765
own_passPlayPct,RB,3394,-0.04243366731031874,-0.076943641659334,0.0495135611311105,0.07180117545753072,0.04890187259439719,0.05396331778067855,0.07351595835166105,0.08032655797776207
own_passPlayPct,WR,5313,-0.005036498934172625,-0.017275980649173173,-0.03853383848214839,-0.0742796783085073,-0.07112494028889615,-0.004392994113913536,-0.11223979854688546,-0.04073022078342516
own_passPlayPct,TE,1854,-0.047746062079008354,-0.12820799063315622,-0.08782008553035427,-0.2421114071882312,-0.06414331465493832,-0.10226642999058905,-0.27058062649732906,-0.20455211284582414
own_explosivePassRate,QB,2333,0.15719297362489543,0.21961104776155088,-0.03046773737490768,-0.04366093656665584,-0.009721782878207227,-0.05111112288584985,-0.009759891469510317,-0.07751866076840562
own_explosivePassRate,RB,3394,0.05996306263995255,0.09446789312552187,-0.049594342403484724,-0.1271993914786571,-0.04937490593676483,-0.05078871349059743,-0.06751700018661366,-0.17866113018343954
own_explosivePassRate,WR,5313,0.07347941294993958,0.12041785520887366,-0.0018467179851416027,-0.0017666666560243285,0.043690340950617475,-0.04203417387904112,0.0783633162831751,-0.07955800118032491
own_explosivePassRate,TE,1854,0.03708274165840447,0.0716825027289217,-0.04358342456315709,-0.04336311239262813,-0.07023333602555254,-0.016330607388687916,0.012850404382594159,-0.08595383681994183
own_screenRate,QB,2333,0.0351849649169195,0.06266347840760673,0.01947077451227301,0.03264107739834028,0.01623944149785735,0.01677261523011671,-0.0026911342922144883,0.06712387549855539
own_screenRate,RB,3394,-0.08388934157987248,-0.11460757481965783,-0.038842280810968396,-0.09947126831923513,-0.07106367551505605,-0.00984466407317157,-0.1763318848625055,-0.03944545418457809
own_screenRate,WR,5313,-0.005395960533485129,-0.010826485806291959,0.011086366030745093,0.0072994196825269565,0.03153095778551481,-0.012399469166359102,0.0642389199407475,-0.049828521273031084
own_screenRate,TE,1854,0.028064880910038323,0.08913033292357465,0.05834083234272752,0.14613273445948252,0.050452893299692415,0.0431592243079009,0.12202205885925194,0.13721680409487905
own_zoneCoveragePctAgainst,QB,2333,-0.06694397715205921,-0.055707123308700396,0.026471149409556336,0.12960324583606062,0.0075374095203850165,0.04232520292832829,0.11742991372397014,0.132674446888386
own_zoneCoveragePctAgainst,RB,3394,0.013190172133537091,0.01048750451193844,0.04601688105129814,0.07569024335406584,0.048495494002281085,0.030615937945826555,0.03479092463990988,0.08869913356050452
own_zoneCoveragePctAgainst,WR,5313,0.005794376698863911,0.024196157343514345,0.010359494495658513,0.021656938498731237,-0.007374754985544185,0.024045792406650897,-0.03445787358223594,0.08189180190201861
own_zoneCoveragePctAgainst,TE,1854,0.052900772039146886,0.112566858828612,0.0540677784099382,0.143749698599618,0.018187204932213884,0.053213041338490794,0.09759506146516997,0.14666532325124595
own_completionPercentage,QB,2333,0.16317263921373856,0.20408600895907858,-0.0035927978392140763,-0.05579120050408193,-0.012795637803379913,0.004893050580096108,-0.09246041811266058,-0.019774526048147303
own_completionPercentage,RB,3394,0.04148641883353699,0.11214842326916474,-0.0784461125220594,-0.11305124841152332,-0.06635856033048602,-0.08708457652028842,-0.04873756981372273,-0.16487310390249668
own_completionPercentage,WR,5313,0.07735437907246764,0.10376126678479636,0.008093350994543731,-0.011248885304338272,0.012485905889957197,0.0031330530702229392,-0.011170017929305288,-0.012176754806170875
own_completionPercentage,TE,1854,0.08441556709585141,0.09070483809913837,-0.011603175377860611,-0.041605408960737576,-0.017291954932251333,-0.009666253864418852,-0.03165806795317148,-0.05610953449250678
own_sackRateAgainst,QB,2333,-0.11165812572609604,-0.16751089558989893,0.03493885070897728,0.06675474999500268,0.04770133354608901,0.01717766037542161,0.11948521093689457,-0.01642074343985539
own_sackRateAgainst,RB,3394,-0.05294091115556658,-0.10204399974404728,0.046865872914501734,0.09955024099063088,0.05944424991338371,0.030707779198764922,0.07586094755722499,0.10742131302928645
own_sackRateAgainst,WR,5313,-0.034406390943093,-0.026946145352488387,0.013099336740018895,0.05728293315708595,0.013544894336440983,0.009140577717208286,0.07869649811778813,0.03973169617168825
own_sackRateAgainst,TE,1854,-0.05169521233217754,-0.09093471778729015,0.02941268742142284,0.0616279015508689,0.006743565586303422,0.01910077712913348,-0.022224035439572895,0.07013754124320952
own_passesIntermediatePct,QB,2333,-0.01185366132581227,0.026836766898020285,-0.02612136942540021,0.022383939425697306,-0.00643471815345995,-0.0494373269191772,0.027346624063270035,0.028234766807014235
own_passesIntermediatePct,RB,3394,0.05177645159631304,0.09714461889128406,0.020657740297331754,0.07607735544177519,0.03057953058308284,0.014133943020516434,0.05862908976793042,0.09565186746988698
own_passesIntermediatePct,WR,5313,0.03151780177693728,0.07877944663968947,-0.0051501645094475705,0.026664966884891207,0.006389378048106642,-0.017349141835376683,0.039179670642904424,0.012401762368938467
own_passesIntermediatePct,TE,1854,0.006398523678882692,0.04140145879314403,-0.021187910978211433,0.005950566152904979,-0.04286471413613812,0.006139470469119,0.005575624960920244,0.01667271894208592
own_adot,QB,2333,0.08227768176675687,0.15856704671146474,-0.013136259567998519,0.014294627481632769,0.0024615701098986303,-0.026319734651703494,0.06496607162188374,-0.03193842438231558
own_adot,RB,3394,0.010691103979584966,-0.007378240515237862,0.016330058590222036,0.01634246543280011,0.03577692702442417,0.0006082763911803421,0.07677421566698119,-0.03330168027356025
own_adot,WR,5313,0.008802398571923003,0.03103608709290839,-0.03615759683923255,-0.023474530612314186,-0.027917870776906148,-0.04467658066755032,-0.010463492564577221,-0.040583143630325266
own_adot,TE,1854,-0.031864809578400675,-0.03095313255948401,-0.016003176966169024,-0.004425822745219622,-0.021108825974024064,0.0013544955632800683,0.08491358571316472,-0.07751473670919386
own_passesShortPct,QB,2333,-0.06471666179783159,-0.12442391618925096,0.009465543704604106,0.017961679111029746,0.0032422040859413203,0.021052317765993138,0.04933128694156269,-0.005089965616752776
own_passesShortPct,RB,3394,0.040134374465310686,0.06368439639136407,-0.00472863798005427,-0.0009962072754104868,-0.01152240521519452,0.004441519010118371,0.016937999098029535,-0.001997000212763858
own_passesShortPct,WR,5313,-0.008920799183467326,-0.003936968880928596,0.0025877023096371335,0.02712781097391414,-0.013291646883517817,0.01885495618859852,-0.008694069372353962,0.06218935734733457
own_passesShortPct,TE,1854,0.01391172880503674,-0.030477090424018274,0.013202508434460842,-0.021153158803144077,0.03297699801005599,0.0032998781880942242,-0.09864200351109463,0.05251371529593368
own_yardsPerAttempt,QB,2333,0.19245967202789754,0.2850416185100388,-0.03475465308893739,-0.050776593452988086,-0.011570024746006699,-0.06282528398376715,-0.011073800018195993,-0.09634884347399358
own_yardsPerAttempt,RB,3394,0.0804820226206173,0.14181588605328105,-0.05649108529406801,-0.11085581227598287,-0.048884237664176704,-0.060253449932054226,-0.03797867404563489,-0.16594552948829328
own_yardsPerAttempt,WR,5313,0.08945087031774339,0.15037527016613036,-0.01083902705089955,-0.0023364639985638514,0.0205910486567715,-0.0382426741896752,0.044409799485831,-0.05397979556915741
own_yardsPerAttempt,TE,1854,0.0721410849789783,0.13082388044089768,-0.036399460936190835,-0.008021508797917689,-0.05201449369348363,-0.01725582052040721,0.07550577229372711,-0.07450340324102672
own_targetShareRB,QB,2333,-0.10575224980761129,-0.1735109760630813,0.0045769677981769,-0.008662774045136734,0.0012052441995770156,0.01326470502408914,-0.0132695496902218,7.907394301562215e-05
own_targetShareRB,RB,3394,-0.00377289359880284,-0.01987125155259077,-0.0372753171048029,-0.06754786261702322,-0.05191878564773262,-0.021473915375460666,-0.15812699797116458,0.03093159762219919
own_targetShareRB,WR,5313,-0.02215825032493988,-0.03131314075223952,0.018936624839117157,0.022357115753891748,0.026043525655867733,0.02144265642063531,0.0006745249376883131,0.04737324447864767
own_targetShareRB,TE,1854,-0.02300321149973696,-0.04015795503181565,-0.011554211543831476,-0.009121714979602659,-0.04851263041650318,0.03884504730178163,-0.1479423821084709,0.11569310444564027
own_passSuccessRate,QB,2333,0.23998375309369582,0.35632604308308075,-0.03667136873591046,-0.07602602549899998,-0.02302719978257565,-0.04784975300553175,-0.07629837228259731,-0.05967184808032527
own_passSuccessRate,RB,3394,0.060996648149952766,0.13135657879324764,-0.08175394660583628,-0.12843238197912132,-0.0793921308236696,-0.08369423745666345,-0.05894698455540878,-0.18830743571525752
own_passSuccessRate,WR,5313,0.08418793842786718,0.12095075689165243,-0.013222198894773426,-0.03504346890009393,-0.0019231401076550787,-0.022768869311515335,-0.04759962176046748,-0.03485911297281997
own_passSuccessRate,TE,1854,0.1210894691318041,0.17907399343880664,-0.02602006834364273,-0.05391417432780729,-0.0031979525404912537,-0.03312937755028277,0.087669503871367,-0.1418841532135405
own_isPassOe,QB,2333,0.16627663841106616,0.2346556412002544,-0.044270862120501304,-0.11511896698246091,-0.07201501124424434,-0.0064445710910702655,-0.2155848056987403,0.026225450274779502
own_isPassOe,RB,3394,-0.030463458157671652,-0.04784554289738052,-0.03421381029476995,-0.08945841041827249,-0.01321161521748773,-0.048153039929510096,0.030638105340600283,-0.18920615590598333
own_isPassOe,WR,5313,0.08365039006939626,0.10214560034661833,-0.02805632090466668,-0.07149910482413122,-0.044490698745525005,-0.009357510412926566,-0.10166274260463881,-0.04602182145173011
own_isPassOe,TE,1854,-0.019946538465656114,-0.09168263708509637,-0.08875501979257654,-0.24578182894640652,-0.05034182130828474,-0.11758887877459481,-0.20635752343779223,-0.26944317391246403
own_manCoveragePctAgainst,QB,2333,0.06694382809089261,0.055707123308700396,-0.02647140551393992,-0.12960324583606062,-0.0075374095203850165,-0.0423262939810246,-0.11742991372397014,-0.132674446888386
own_manCoveragePctAgainst,RB,3394,-0.013190218711350676,-0.010487460364103016,-0.04601699968150949,-0.07568988010467581,-0.048495494002281085,-0.030616919355935895,-0.03479092463990988,-0.08869913356050452
own_manCoveragePctAgainst,WR,5313,-0.005794170080129173,-0.024196058715683595,-0.01035936451477427,-0.0216567755760709,0.007374754985544185,-0.02404547546900726,0.03445787358223594,-0.08189180190201861
own_manCoveragePctAgainst,TE,1854,-0.052900772039146886,-0.112566858828612,-0.0540677784099382,-0.143749698599618,-0.018187204932213884,-0.053213041338490794,-0.09759506146516997,-0.14666532325124595
own_timeToThrow,QB,2333,0.07529655435905626,0.1525744995106815,-0.03049340939288334,-0.04516376838907576,-0.015055651214516155,-0.054831374300920686,-0.01273163386679762,-0.10964990146508724
own_timeToThrow,RB,3394,-0.07430023284049314,-0.11158185260545281,0.0006785222968917084,-0.010028292938094895,0.008408865482533785,-0.015711502050902777,0.0098043408246107,-0.05012204954290755
own_timeToThrow,WR,5313,-0.05534543960218821,-0.10427346188366703,-0.025992268125194104,-0.073901834020736,-0.0471044308038884,-0.013701207197109709,-0.11817431240440934,-0.03586226896866393
own_timeToThrow,TE,1854,0.0585833695032356,0.038865357501237374,0.037912585057796856,0.01660467391147331,0.016919841539040425,0.018007056558008293,0.06346459088485062,-0.06182960750273781
own_playActionRate,QB,2333,0.12551170541548892,0.21284043704716277,-0.002409294644022101,0.008189013000214867,-0.016013571675826045,0.019103353676679927,-0.027265891811514713,0.06261232616227
own_playActionRate,RB,3394,-0.00881521945614824,0.010791098665549946,-0.03532705218588199,-0.05026362783125347,0.0012473388907703667,-0.06476853303049286,0.0657570299552843,-0.15473044419782378
own_playActionRate,WR,5313,0.03873132106716752,0.051218078402979116,0.00914897955605063,-0.002482262994456038,0.016106741688581335,0.0032223574070306617,-0.01462157378014588,0.0026433917522391895
own_playActionRate,TE,1854,0.07487344003165275,0.08116741955575055,0.0198141689284588,0.019987856300493725,0.009196603633987646,0.05611262889464113,0.058251280214835624,0.015555661553393508
own_blitzRateAgainst,QB,2333,0.040017754328457666,0.07951479776127356,0.011627023245352619,0.06705306064769488,0.0032563607047515902,0.020459126080170725,0.11380419986778074,-0.0044565819028911735
own_blitzRateAgainst,RB,3394,-0.029352335613044237,-0.07046124043821547,-0.05370997374021374,-0.17063045362802542,-0.05465304975198906,-0.049903589070437654,-0.13619904634760432,-0.20217680232015903
own_blitzRateAgainst,WR,5313,-0.0021095405208958686,-0.00589386572040059,0.009652063273751914,0.012551916736000087,0.003145062355878964,0.015844421169982918,0.07719935689404753,-0.053238282161693594
own_blitzRateAgainst,TE,1854,0.02229597767827938,0.0564393732680902,0.05815233475213015,0.13737866471349355,0.05737108070751027,0.06214436951788213,0.1369616599787046,0.13235453564997912
own_passesDeepPct,QB,2333,0.09304452662493973,0.14460872946585068,0.0023152319816303513,-0.015601448306355178,-0.00404512436081278,0.013417923261316755,-0.019393238205527567,-0.0056301373582714875
own_passesDeepPct,RB,3394,-0.044492065772331904,-0.1103643010511053,-0.006240819737596603,-0.066733333471128,0.002037219319850175,-0.01344858125978389,-0.014906546431246557,-0.11659730583676176
own_passesDeepPct,WR,5313,-0.011588757818795845,-0.033123396409144946,-0.033224799403335135,-0.06309957904095184,-0.03130268898337625,-0.03507931038773772,-0.037522059066479284,-0.08920838815949257
own_passesDeepPct,TE,1854,-0.05161126981187794,-0.06413615271275037,-0.003158967445958919,0.015171889020524265,-0.01283296443893132,0.008798288032260525,0.08997652316619478,-0.05863176441002392
own_targetShareTE,QB,2333,0.007795349482479016,-0.006476721511766,0.008051702953753882,-0.01775244456491418,0.0029338081293187298,0.020257465717523924,-0.02112736135341114,-0.0072944199607761625
own_targetShareTE,RB,3394,-0.03331717669895335,0.006349159997955422,-0.017917276657272264,0.056330841779407045,-0.013541094952112842,-0.026053460741196292,0.03700190577972123,0.062485605980467845
own_targetShareTE,WR,5313,-0.06539568792096791,-0.1004842398602182,0.01763147500864501,0.018803022845069853,0.018038507639310683,0.016608617016182294,-0.008262103542332488,0.0461119491068432
own_targetShareTE,TE,1854,0.15306033732699828,0.25532472721914123,-0.02247087410877467,-0.0003384649893191314,-0.027525477843927965,-0.013064395188312079,0.05401140586685085,-0.04673293299014028
own_zoneRunPct,QB,2333,-0.009217749665772568,-0.02640644014402198,-0.02447651673764615,-0.0911755600898604,0.0022076566426294697,-0.04138663454881612,-0.00013040274441059312,-0.1674731211307186
own_zoneRunPct,RB,3394,0.053570760936685294,0.11117939935701897,-0.006683101850093685,0.035398965409739754,0.006533057519081035,-0.014399890851424155,0.10671370740394295,-0.030490115242826472
own_zoneRunPct,WR,5313,0.03934596086624031,0.0640769988362462,0.006029667022880151,0.003991031463925811,0.021026150651827252,-0.006626373053902746,0.05953838781142017,-0.0514097461468952
own_zoneRunPct,TE,1854,0.04354392035457835,0.04570979468425229,-0.009528555134780757,-0.036431527518611985,0.013771111928427055,-0.02640130671891866,0.022797151593905374,-0.08105362506531542
own_outsideZoneRate,QB,2333,-0.05510280707177321,-0.06368455966624462,0.008393123335649507,0.06360546807522674,0.03271623059953072,-0.027137048150625887,0.1121479818395886,-0.005187116433063886
own_outsideZoneRate,RB,3394,0.0899406302333963,0.10976539451727073,-0.0024358876868193044,-0.030622159200032282,-0.004397619514513236,-0.0014159432859785345,-0.036713467327220126,-0.027757385366409672
own_outsideZoneRate,WR,5313,0.06554262274078718,0.10337653328441983,0.01940099205798228,0.03702758331373126,0.054100551657127786,-0.01991428372686704,0.09927627437422945,-0.032429362943828165
own_outsideZoneRate,TE,1854,0.01241110719297938,0.018966047655712883,0.020740373594599584,0.058589769228411824,0.0019136513042647785,0.02004965703605023,0.04286634855842771,0.06511841928362441
own_counterRate,QB,2333,0.046156603361624055,0.028556334557000854,-0.010517279562478698,-0.05174412039584627,-0.044283965694778035,0.021313373840355337,-0.08002624810389357,-0.04751309753638298
own_counterRate,RB,3394,-0.02494799097369178,-0.07822277129135886,0.018661325237246167,-0.06252883572509732,0.037221131022481806,-0.00025738635817617965,-0.019374379763529747,-0.10103227368306046
own_counterRate,WR,5313,-0.03988483701229241,-0.0506435194328266,-0.004444202794609402,0.010354959037553072,-0.015714068375147376,0.006172833314026894,-0.016231174864643882,0.04002250104647537
own_counterRate,TE,1854,0.10819943758514253,0.18096419985084244,0.043934733574821236,0.07035764923234167,0.057590710188069584,0.026395587248245943,0.13278779636680058,0.012081197444497916
own_rushSuccessRate,QB,2333,0.1155549288010601,0.17583054841084608,-0.0258401427076125,-0.050913108218937485,-0.03069645201770389,-0.01953798666005838,-0.13071855065103438,0.03532842675134319
own_rushSuccessRate,RB,3394,0.00879536490833011,0.03333873675405652,-0.05159054914141347,-0.09683485883981116,-0.02443271442872242,-0.07261853827969943,-0.01665837637548651,-0.1700076012407369
own_rushSuccessRate,WR,5313,0.014493398658811414,-0.004409953022248252,-0.02735312918912589,-0.086006217728719,-0.02708793006625123,-0.027472171982403367,-0.11676656688547761,-0.061683785647409645
own_rushSuccessRate,TE,1854,0.045018490036150535,0.0896181749567164,0.013582884597145982,0.057350289891310566,0.03093921413889306,-0.0008902980641988169,0.17775411034167402,-0.051134039401176216
own_yardsBeforeContactPerCarry,QB,2333,0.18319493738735815,0.27259016138250886,-0.031503492553810845,-0.07619655484137755,-0.02646249053695463,-0.027457016043332966,-0.09954453384171977,-0.020126887547941143
own_yardsBeforeContactPerCarry,RB,3394,-0.011847290316169917,-0.0009463648450993553,-0.043276644488590935,-0.08053862173416917,-0.02311054870010675,-0.05484043990637875,-0.03693405018643436,-0.11965266098733401
own_yardsBeforeContactPerCarry,WR,5313,0.010849808877218361,-0.00814298370819994,-0.015309474888848438,-0.07177190215624635,-0.0315155352196708,0.003492555288802912,-0.14580365719420926,0.0030127853001399012
own_yardsBeforeContactPerCarry,TE,1854,0.1269311606324674,0.19152596168599514,0.02743165245063143,0.03522390332166128,0.0922923937927225,-0.019070312730170978,0.23863958807740002,-0.1350084082136268
own_explosiveRunRate,QB,2333,0.08206032860161265,0.11596554564126206,-0.03584539512309615,-0.0869957710184478,-0.0091055822918082,-0.06383882944152529,-0.04245251581474777,-0.132504504475165
own_explosiveRunRate,RB,3394,0.01043935484800236,-0.004765578744880643,-0.023896789851659106,-0.06023511542346989,-0.02508190062729534,-0.023590208666799294,-0.10301966413378474,-0.025364773132674576
own_explosiveRunRate,WR,5313,-0.00023405907299905258,-0.016487269225746774,-0.009653849473223846,-0.05879272911439975,-0.009985163087487212,-0.01000994934846735,-0.09994137307654696,-0.018757585684646985
own_explosiveRunRate,TE,1854,0.10839886253035987,0.17138709885894368,0.08117000452593734,0.1440695308460949,0.11138487582951945,0.05246941811357823,0.2489072379925192,0.04872890984037144
own_designedYardsPerCarry,QB,2333,0.08650856634864186,0.11414473605618704,-0.0026910517218103674,-0.021515875220785855,0.03200891851111707,-0.03847061391554122,0.020218248285786923,-0.053059253900214744
own_designedYardsPerCarry,RB,3394,0.0622268176982963,0.06824842319976288,-0.04839446135111465,-0.1240301161394797,-0.049978915246744283,-0.04094240966492564,-0.15672766548768946,-0.09804689260259114
own_designedYardsPerCarry,WR,5313,0.010353129651153021,-0.0020548533401625914,-0.00459993618459368,-0.05524854623286068,-0.0006181238491152896,-0.006718254230638936,-0.09660057659555124,-0.019248203311173974
own_designedYardsPerCarry,TE,1854,0.07992674207215655,0.15997724995711418,0.05693986090118014,0.16418946958577701,0.08971613441659987,0.034918795037565564,0.29190655125738446,0.060830888787978966
own_gapRunPct,QB,2333,-0.01445243169522654,0.001099519972651917,0.021872107893317377,0.12878728555813332,-0.010229576954974395,0.04623617871587229,0.013619913038849163,0.2209771673356909
own_gapRunPct,RB,3394,-0.03892974106224345,-0.10599991528962226,0.002048277820259132,-0.06318724777601424,-0.011487056336393096,0.009460208230923355,-0.14146139049934545,0.004862903728281034
own_gapRunPct,WR,5313,-0.05255243215235044,-0.08569946068054464,-0.008757119934742003,-0.009496308546549164,-0.018638481549202675,-0.000689842489301873,-0.041028607974043445,0.020871270876776406
own_gapRunPct,TE,1854,-0.044313161046374894,-0.026498352442980395,0.004994645252033342,0.053001629998949695,-0.027700985968571006,0.031854105427996084,-0.031808661133475434,0.12313742305535832
own_runStuffRate,QB,2333,-0.015031807333837011,0.012461421408766597,-0.033768928879039276,-0.022899416908531506,-0.028344697329227894,-0.041776124721774284,-0.0414171337987462,-0.004948959403633503
own_runStuffRate,RB,3394,-0.020820853906304816,0.0027804729835049346,0.014154365677958252,0.07661127619967442,0.016605829771999325,0.010716249200509865,0.07110261034882678,0.0795709299406109
own_runStuffRate,WR,5313,0.03259239011117298,0.07033795090112539,0.009683828512115683,0.045110581430307654,0.02081778149485071,-0.0010811351162670804,0.0819490503188372,0.008954627751744909
own_runStuffRate,TE,1854,0.0038530557732114694,-0.019389851825756102,0.024656931485328302,-0.003993902117655004,-0.009471120340139262,0.06385864608289313,-0.1815684118593697,0.17698987039844086
own_runRateOe,QB,2333,-0.16627663841106616,-0.2346556412002544,0.044270862120501304,0.11511896698246091,0.07201501124424434,0.0064445710910702655,0.2155848056987403,-0.026225450274779502
own_runRateOe,RB,3394,0.030463458157671652,0.04784554289738052,0.03421381029476995,0.08945841041827249,0.01321161521748773,0.048153039929510096,-0.030638105340600283,0.18920615590598333
own_runRateOe,WR,5313,-0.08365039006939626,-0.10214560034661833,0.02805632090466668,0.07149910482413122,0.044490698745525005,0.009357510412926566,0.10166274260463881,0.04602182145173011
own_runRateOe,TE,1854,0.019946538465656114,0.09168263708509637,0.08875501979257654,0.24578182894640652,0.05034182130828474,0.11758887877459481,0.20635752343779223,0.26944317391246403
own_runPlayPct,QB,2333,0.04046982437226572,0.08512030421216141,0.050204710561844966,0.1191763227490677,0.07905442247616198,0.010829612814677165,0.16752014130787257,0.03508179790667391
own_runPlayPct,RB,3394,0.04240722538482895,0.07690763843220597,-0.04963416216925578,-0.07198582184549655,-0.04890187259439719,-0.054190198697180204,-0.07351595835166105,-0.08070580135172696
own_runPlayPct,WR,5313,0.005068984958906779,0.01734326815480642,0.03858035881900884,0.07435517670220201,0.07112494028889615,0.004510888215505438,0.11223979854688546,0.04086437979202505
own_runPlayPct,TE,1854,0.04779079803871838,0.12830121941704362,0.08783512135047476,0.2421696952214595,0.06414331465493832,0.10232561007679114,0.27058062649732906,0.20463682644444361
own_manDuoRate,QB,2333,-0.044144308642889346,-0.041558093283298674,0.020574822486499902,0.12927503051145808,0.004980076311552077,0.026830171773106558,0.022496566292188186,0.20160333614362905
own_manDuoRate,RB,3394,-0.0029241493840494975,-0.024522157579124303,0.020082201778645864,0.002472211234355363,0.0095019102525286,0.022243367347071222,-0.05163407593969028,0.03871338063736303
own_manDuoRate,WR,5313,-0.016803379696351813,-0.0515499837052864,-0.016813488393096383,-0.04698890146442091,-0.020252165431624135,-0.018238819202894718,-0.059885864433635035,-0.040526905867422046
own_manDuoRate,TE,1854,-0.11778834212027894,-0.14862561532663457,-0.023327651295013442,0.011235176660326779,-0.04787626782156624,-0.0030320097374843297,-0.0764145571780769,0.07380794523856715
own_insideZoneRate,QB,2333,0.04145050677749771,0.03479738938584567,-0.0199809687857723,-0.13308044163935062,-0.029459762070183387,-0.0027926454199161486,-0.13089733859813527,-0.13303591834015105
own_insideZoneRate,RB,3394,-0.030977797034191956,-0.015311507665177124,-0.006888749090696373,0.03026152441558452,-0.004230786733372474,-0.00642400245226887,0.08315948357738273,0.004347081080670859
own_insideZoneRate,WR,5313,-0.02245536187593363,-0.029583761865544917,-0.00776687444895012,-0.023634923094231652,-0.03411450838564145,0.023826420920066434,-0.048083699810287116,-0.018247540439529274
own_insideZoneRate,TE,1854,0.00560938789288247,-0.04659208804194712,-0.03607191449177109,-0.14290042157450739,0.019722185086862933,-0.06602637806068738,-0.0625083003972169,-0.18468807579022833
own_powerRate,QB,2333,-0.04442223229439744,-0.06427338758389514,-0.002547065272930832,0.04945542755128974,-0.032882109969748045,0.03503310476678302,0.014131036079530992,0.05378665638739828
own_powerRate,RB,3394,-0.02750575724530897,-0.07272414479274954,-0.003215676784465959,-0.026839712157641107,-0.00406334031589818,-0.001636501359003268,-0.10821716612890256,0.06835248295058867
own_powerRate,WR,5313,-0.08480376269691639,-0.12981469331288575,-0.0031568945419807514,0.0113894298226224,-0.010061340702294239,0.004351010320764331,-0.02857575465921834,0.036737776713802454
own_powerRate,TE,1854,0.03133462825214419,0.04805256943406645,-0.006086306158135542,0.0011141017449404172,-0.010812620212821098,0.015444597417293822,0.03189306295268192,-0.010255873082230681
own_yardsAfterContactPerCarry,QB,2333,-0.03692578875478126,-0.06516632443361442,0.016395181498411304,0.034383250992940546,0.05786066634697815,-0.034443002229580535,0.13063720048290237,-0.08194658153013137
own_yardsAfterContactPerCarry,RB,3394,0.061709638399334105,0.05268948705375932,-0.02105505294538072,-0.07740622357706363,-0.019606785295142537,-0.025020983400795335,-0.13657937474144588,-0.02814663422809963
own_yardsAfterContactPerCarry,WR,5313,-0.012564527558870863,-0.030756012054761007,0.004176231523018118,-0.025953918772173318,0.021373400487657776,-0.016725072288159042,0.011379489100757636,-0.061020207231599025
own_yardsAfterContactPerCarry,TE,1854,0.0034601481573766275,0.015978262013822585,0.06436803806398556,0.15288160031148132,0.05863263963724534,0.050688729947721486,0.17394841735020738,0.1188920588486809
own_pullLeadRate,QB,2333,0.010191003474719863,0.018305136673908113,0.016175496877119448,0.0062366640050604315,0.01556799247568579,0.011712832590663701,-0.008287575558421658,0.018630258868307215
own_pullLeadRate,RB,3394,-0.017220610148289933,-0.02474727451685389,-0.03837949803525145,-0.05556395909142631,-0.03869131881751703,-0.03897474633609795,-0.10189234214535083,-0.012069401073240806
own_pullLeadRate,WR,5313,-0.017956569102892887,-0.012004004575669852,-0.00035290504393555114,0.005535088171697708,-0.012135983460818876,0.009686016365875445,0.006729378743789175,-0.003917576234162099
own_pullLeadRate,TE,1854,-0.030506849607406968,-0.019452711721365912,0.03882094741491024,0.11421921541573331,0.02844377943582969,0.03434043164457347,0.03658251685976475,0.15918953661955873
own_epaPerRunPlay,QB,2333,0.11172037251527471,0.1601946952940871,-0.021256523548743304,-0.0454386661033408,-0.007717527001025576,-0.03237902984116972,-0.08598218523955946,0.0014837889284861306
own_epaPerRunPlay,RB,3394,0.04756238358312336,0.07304264844029365,-0.05664159540031816,-0.12069940962471436,-0.03753388729026439,-0.06770116233837208,-0.07410009957781159,-0.1569664889846684
own_epaPerRunPlay,WR,5313,0.029935576739350923,0.025937057768843027,-0.006512122396771956,-0.040618712586929284,0.016743074939540133,-0.029085179141954378,-0.07462577866538113,-0.014599305532665653
own_epaPerRunPlay,TE,1854,0.04254638285840586,0.047567692832286707,0.029516746924224596,0.05603645501445634,0.05046006577402749,0.01811683095029917,0.16941182062170818,-0.02832096575915666
opp_thirdDownConversionRateAllowed,QB,2333,0.05401085564873744,-0.023441119362935654,0.018075477459180186,-0.038433006105294786,0.05137201654864199,-0.014068381589911536,-0.019089046709500346,-0.05265072594490483
opp_thirdDownConversionRateAllowed,RB,3394,0.03824110438179184,-0.006592829280400704,0.006936457370622991,-0.0019128231878564317,0.011568939310191179,0.005868833853502185,0.006589485705971454,0.005015771270835126
opp_thirdDownConversionRateAllowed,WR,5313,-0.016709660133869198,-0.02381342754462282,-0.033576805696666004,-0.021956821448960606,-0.022710944950765356,-0.039789189789409166,-0.014920053878859228,-0.03694190480684311
opp_thirdDownConversionRateAllowed,TE,1854,-0.005846302905749534,-0.06253793022994222,-0.019292267182790458,-0.028107077597162335,0.00551748493287325,-0.021591310843384417,0.006555617404942403,-0.03200691247729525
opp_pointsPerDriveAllowed,QB,2333,0.0864227467314443,-0.02096559792854163,0.02836078990413219,-0.04511282519991787,0.06308021435663817,-0.008939340550158662,-0.005505681956140741,-0.08666742905668921
opp_pointsPerDriveAllowed,RB,3394,0.0512681328275411,-0.013934190603495893,-0.007989449950998036,-0.03831586107645924,0.0017302751320741464,-0.014123248736065143,-0.0171860974466434,-0.05059219256603474
opp_pointsPerDriveAllowed,WR,5313,-0.0004668813320322356,-0.01775593659946809,-0.024189332793962817,-0.0019256783422285596,-0.006390775688699675,-0.039527117133810526,0.017714768877967666,-0.02596857244924654
opp_pointsPerDriveAllowed,TE,1854,0.03503808457813614,-0.04913520659492597,0.02907786890664378,-0.0018302717887338663,0.047610938665216526,0.022232009821633154,0.031916019227589736,-0.01476107466979078
opp_missedTackleRate,QB,2333,-0.011664246863864667,-0.019918978747250283,0.0030651416499332647,0.01918796738910383,0.014355064282209246,-0.020670473108289115,-0.042497916643483874,0.05511066545206514
opp_missedTackleRate,RB,3394,0.033148804174499544,-0.016851725629056413,0.025642490480359697,-0.007436827698453796,0.04029383546499089,-0.001266997841131729,-0.021429489328717,-0.012440261346787447
opp_missedTackleRate,WR,5313,-0.03749058382362541,-0.012599015111200698,-0.028136793227800456,0.010912383375282853,-0.0212864922167503,-0.03884939165438612,0.013993647214440004,0.01633655006802972
opp_missedTackleRate,TE,1854,-0.009556107202244837,-0.03998429928025859,0.0012647723326172202,-0.009536894544242709,-0.03808711367349803,0.000706525554790556,-0.06283948760230496,-0.0008115264281542591
opp_redZoneConversionRateAllowed,QB,2333,0.044812880667750715,-0.020963083013866242,0.00361569646721178,-0.04037508798841558,0.039333585774838684,-0.03331220588836451,-2.2559457171766276e-05,-0.07249817942604951
opp_redZoneConversionRateAllowed,RB,3394,0.04131521100979637,-0.02853012266914509,0.006446468700857656,-0.03464924745199283,0.012099206487651651,0.006579531648956846,-0.01088368981855754,-0.045091076523964366
opp_redZoneConversionRateAllowed,WR,5313,-0.007362726855681183,-0.015594332931483665,-0.016266635209850926,-0.003953750376439885,-0.011961263272230635,-0.015612261694817999,0.00647613344905117,-0.022234689016259107
opp_redZoneConversionRateAllowed,TE,1854,0.00814111779869304,-0.03757706849349355,0.0038409635461621803,0.002610435392249736,0.038319472229677846,-0.004520774983704953,0.04654420655430974,0.00495641265952772
opp_explosivePlayRateAllowed,QB,2333,0.0652312229506667,-0.004813016491867439,0.009066380281043986,-0.021316446073663297,0.036776360332941516,-0.016079064059249488,0.04784462651939694,-0.08747403388629284
opp_explosivePlayRateAllowed,RB,3394,0.03306887329855632,-0.04081515127698479,-0.008416115824878391,-0.045571251959548316,-0.015094658103527921,0.00045575673927085393,-0.0720428309521393,-0.012512979227718083
opp_explosivePlayRateAllowed,WR,5313,0.03262306932987607,0.008936047706487989,0.01329182758311677,0.021011339753654282,0.01277817840612624,0.015848358319506435,0.036219132552053085,0.001846460742139646
opp_explosivePlayRateAllowed,TE,1854,0.03183931527092712,-0.06689941439675663,0.022964757940838316,-0.034288527218903124,0.03556940187207947,0.02484542662102089,-0.009819535484145445,-0.025986325024789373
opp_wepaAllowed,QB,2333,0.0841704649067941,-0.01463869165162529,0.019731121829168457,-0.0383847652237992,0.05991695847499868,-0.0022809237815658986,0.02417933917101811,-0.07821755251854312
opp_wepaAllowed,RB,3394,0.051164471958813365,-0.013740435511075674,-0.005935999932059429,-0.03131262925069525,0.016614710086462463,-0.018615541511100914,-0.019321339981461613,-0.022197785785798153
opp_wepaAllowed,WR,5313,0.008353686015526983,-0.0006019754157839954,-0.01838519112715411,0.010880717566148501,-0.0005206139539351113,-0.028425720212450562,0.027121791535437225,-0.017230843673233208
opp_wepaAllowed,TE,1854,0.044850014563738196,-0.03554060187487681,0.019789301913431652,-0.02249042157014942,0.05013329970305836,0.035955189419879144,0.008972008680197948,0.001581823243187314
opp_conversionAfter4Allowed,QB,2333,0.0748730814301512,-0.0383627218141646,0.026958837305039687,-0.05349376088587271,0.06943185961945497,-0.010017103057214791,0.0032177941826280697,-0.1055750243493174
opp_conversionAfter4Allowed,RB,3394,0.0466883069255988,-0.015873384710539944,-0.007869078950162195,-0.04464663236936683,0.02254051592685213,-0.031696007780165236,-0.039167175392997265,-0.03688174213594691
opp_conversionAfter4Allowed,WR,5313,-0.00017009689440917076,-0.015587041583703155,-0.02352017180673352,-0.009381215249714673,-0.004848909995022855,-0.03753447744010868,0.011776182784394627,-0.040063488434250574
opp_conversionAfter4Allowed,TE,1854,0.04272377037660401,-0.038902039599484316,0.026976693518675585,-0.0053110374156008335,0.0704505363039409,0.008931006048284493,0.046883600487866044,-0.015787576142717558
opp_epaPerPlayAllowed,QB,2333,0.08191685329834775,-0.01455847044174406,0.019864487527950066,-0.043551948882836436,0.052563744006099915,-0.003797392816392206,0.010820679342112751,-0.08353369359745982
opp_epaPerPlayAllowed,RB,3394,0.05494281937494999,-0.01444564111780716,-0.005531887115581363,-0.037132473728940685,0.015473781939899862,-0.01930686154301512,-0.014226624233107384,-0.04099459966669187
opp_epaPerPlayAllowed,WR,5313,0.0031607498142447155,-0.005144258658803117,-0.024009053920539716,0.006559902529902609,-0.0064862851445334135,-0.036678938711703434,0.02413833106758805,-0.02020526400864195
opp_epaPerPlayAllowed,TE,1854,0.039054133632326675,-0.038781369506347634,0.01902796782207581,-0.012053745143714881,0.04014661914218915,0.033592390621624044,0.020783447101441633,-0.001420746749260575
opp_successRateAllowed,QB,2333,0.038532951780294034,-0.02986963207953685,0.010043194748244262,-0.015374887697935009,0.033692921820101814,-0.010428042903578691,0.03490753715539475,-0.07151518041467717
opp_successRateAllowed,RB,3394,0.03829729310484534,-0.02959368077434406,0.0030230639552212097,-0.03761205402116127,0.050512440598571316,-0.03891533364470188,-0.0439213257167169,-0.021505412469620823
opp_successRateAllowed,WR,5313,-0.006872229181045038,-0.014703098672269902,-0.023754022493426737,-0.0019912131269091784,-0.025649061709818784,-0.02018386162765045,0.0181585215594838,-0.02760274063842738
opp_successRateAllowed,TE,1854,0.04786295199875598,-0.0177766044345164,0.03087650955356409,0.009277973633901126,0.06359432180412372,0.01761743569721592,0.039210072922220236,0.0025827645785995983
opp_pressureOe,QB,2333,-0.054517710950131554,0.014329779082033768,-0.04582061867751929,-0.023407359152024094,-0.05393020393359539,-0.039458442640171815,-0.032454081573983114,-0.01356809620883849
opp_pressureOe,RB,3394,-0.04211234355490013,-0.000797884689334833,-0.022221452177953786,-0.0011742162973544642,-0.028168750480386293,-0.018333575867463547,-0.00745302055571535,0.0038991964760335483
opp_pressureOe,WR,5313,-0.033432167197685304,-0.009508352872840783,-0.017380563390550732,-0.031087190263110777,-0.0360497538461705,0.0006097999925065884,-0.03717502647564392,-0.02517394008368785
opp_pressureOe,TE,1854,-0.029181037067457925,0.008332511159164517,-0.028804340916777436,-0.033169385437301344,-0.019489517691950592,-0.03926440941007214,-0.04007427462242468,-0.030250486251850138
opp_sackRate,QB,2333,-0.04510651109937674,0.005330492774969764,-0.020567555416768746,0.00455109620834867,-0.050212587496674406,-0.002273990909275611,-0.020591802869394042,0.0039547863841689675
opp_sackRate,RB,3394,-0.029419444756582175,0.0009375682142838789,0.0003196640673323304,0.008297602220370803,-0.004257859921261761,0.005344573028180854,-0.014628274582593836,0.014901542387183183
opp_sackRate,WR,5313,-0.003088601956902753,0.03154620443476969,-0.006790603492374432,0.0038211090769958334,-0.02694026326561566,0.009569855572671168,0.016964219278193512,0.0004154089162562074
opp_sackRate,TE,1854,-0.050772586164762094,0.018398103885461058,-0.0316985802838162,0.01569683915639894,-0.06219472645883623,-0.03296685145673834,-0.02171403382751369,0.018003846451427667
opp_explosivePassRateAllowed,QB,2333,0.07303806311347819,-0.001159199296841309,0.015864979067313822,-0.030578139350921723,0.040853805705725665,-0.009826686616886501,0.04105226183764945,-0.10711291186940054
opp_explosivePassRateAllowed,RB,3394,0.018283666908362438,-0.04367508969661276,-0.023518187091649812,-0.037218763822233936,-0.029257778116993458,-0.016851732666487856,-0.05756149656003991,-0.009615418477726744
opp_explosivePassRateAllowed,WR,5313,0.03054541560092992,0.0019505762450228502,0.005108901724445342,0.005346716937250719,4.314703958306101e-05,0.012267535076841134,0.01807786277192643,-0.013486289321494954
opp_explosivePassRateAllowed,TE,1854,0.0546668445331777,-0.0537020557523722,0.041766343193952005,-0.03338525091908767,0.02730253043995056,0.06952823245277925,-0.015966591726441916,-0.0212226774334547
opp_epaPerPassPlayAllowed,QB,2333,0.08443032711168226,-0.01701312884313605,0.021019596870182067,-0.03335841322904299,0.058351831997660586,-0.010789933558294936,0.02064641869634655,-0.07449228631320384
opp_epaPerPassPlayAllowed,RB,3394,0.045980153829129816,-0.011971161502980405,-0.008121249450724679,-0.028404812069151224,0.0035280676769690084,-0.013555170839645279,-0.012517208086498562,-0.02935301017666475
opp_epaPerPassPlayAllowed,WR,5313,0.006405652385941366,-0.006020046530852311,-0.021950141351519792,0.003413995933285011,0.00103609895815067,-0.03967642420432876,0.019760693218820524,-0.02267009882481315
opp_epaPerPassPlayAllowed,TE,1854,0.042382882030281836,-0.038036577964135884,0.02263975823282496,-0.010067448564020897,0.04649355195705002,0.035437110562598344,0.025025905512742332,0.0032600605951482414
opp_blitzRate,QB,2333,0.03403971205728489,0.0062820846041814395,0.020545388709764887,-0.0007680920960719988,0.02712821258356394,0.013514965877258213,0.015652570985456832,-0.020916746789501114
opp_blitzRate,RB,3394,-0.04439008881041504,0.007801026049454365,-0.0562490400688482,-0.01116349248980151,-0.040833019657624085,-0.0719277415328573,-0.017981094403933025,-0.0031963718603216303
opp_blitzRate,WR,5313,0.03752584498282053,0.02585883737177042,0.029182589604235445,0.017021998040451302,0.044157091659928024,0.015536888438510605,0.016687107530854606,0.01799470189673337
opp_blitzRate,TE,1854,0.016658074981109862,0.010272582754333142,0.02149471986434872,0.009395700807643327,0.03690769973039251,0.00889508514281813,0.05800469355183623,-0.03574048627272711
opp_yacPerReceptionAllowed,QB,2333,0.01714161125426864,0.009342974515194632,-0.006023682174459159,0.006366968160297362,0.009228008591911134,-0.02462264141875586,-0.004057087753802695,0.02203713885366792
opp_yacPerReceptionAllowed,RB,3394,0.00971622781035512,-0.03662160994176997,-0.016092601421730343,-0.03244877251330565,-0.008206941027962001,-0.024600641915120736,-0.032993919441242574,-0.03086902310893471
opp_yacPerReceptionAllowed,WR,5313,-0.007827491791162397,0.014304805316713576,-0.020071474737208245,0.030329479293113838,-0.024617131265382498,-0.01588220184655907,0.008571895806366178,0.05122684550369738
opp_yacPerReceptionAllowed,TE,1854,0.04730333251090949,-0.028643928178965623,0.05943542952720053,0.005745379435147238,0.05237752175118716,0.06500920635911754,0.024019609135741277,-0.002756446506803671
opp_pressureRate,QB,2333,-0.0423898691802336,-0.0018633391319047765,-0.02322215378506365,-0.029642344322217892,-0.02647824560568244,-0.034252673769865065,-0.03244015907808746,-0.054395908302480214
opp_pressureRate,RB,3394,-0.06504979776901684,-0.013751360857841649,-0.042002371895513216,-0.024729575608167863,-0.06005935774003932,-0.037156999457629854,-0.05365634836051026,-0.023525091634694895
opp_pressureRate,WR,5313,-0.01977700356829316,-0.010786605555306947,-0.0027976447583265354,-0.03620423502299695,-0.021658100494739794,0.007951614923710095,-0.026566047573971154,-0.041892218419769166
opp_pressureRate,TE,1854,-0.0195992769846752,0.0027102030522724026,-0.006978538402709854,-0.024942215480214247,-0.008035760031960708,-0.03684671684156738,-0.0452386516481624,-0.0465144493799077
opp_yacPctAllowed,QB,2333,-0.027092218123281418,-0.011056910548614374,-0.0058550165117165175,0.015367634288740275,-0.015862057187608324,-0.00252721670909675,-0.023485050830566755,0.03869365181138636
opp_yacPctAllowed,RB,3394,-0.004359488128769841,-0.028689208687461176,0.0013688399358180255,-0.013891764438029962,0.026434762383513947,-0.023478129316470593,-0.02822432136861491,-0.013644233588379575
opp_yacPctAllowed,WR,5313,-0.019342907301230658,0.007110419988318015,-0.010104923149033657,0.01644082907071665,-0.01280046416587371,-0.009399206707245021,-0.01985467193380445,0.056631051520731744
opp_yacPctAllowed,TE,1854,0.01762436705028779,-0.011460765878839726,0.040536144543494655,0.011876001037352748,0.03618463915884747,0.028139210614501774,0.033411537842386915,-0.03347693764754609
opp_yardsPerAttemptAllowed,QB,2333,0.06459104530532181,-0.003323082641186831,0.005866247031645508,-0.013576317146593136,0.026723553265152307,-0.012030293035905385,0.03605145279608731,-0.06068023483255717
opp_yardsPerAttemptAllowed,RB,3394,0.021977198471825426,-0.03883212146848877,-0.023788216725955633,-0.027921063962273077,-0.031836104903337166,-0.014701057467886632,-0.03867525018100301,-0.0025733475585143165
opp_yardsPerAttemptAllowed,WR,5313,0.010972177044427229,-7.099879221327026e-05,-0.021895739195886978,0.008983801107977972,-0.02387143676260613,-0.017130475197983098,0.013284844527876484,-0.002385522174205984
opp_yardsPerAttemptAllowed,TE,1854,0.054659675398391366,-0.02918074922973613,0.03625354565845823,-0.011118935333073026,0.03382108741177004,0.06053346416765028,-0.009153411057006795,0.022557392887565565
opp_manCoveragePct,QB,2333,0.05246742624306973,0.022068893617632864,0.02754708174373375,-0.01857550518161165,0.06245661111858635,-0.006033455283480723,0.042267774918478725,-0.06486117467417515
opp_manCoveragePct,RB,3394,-0.014850381343590464,0.010996992770936857,-0.03999068311470111,-0.004546682354896194,-0.06559183237453542,-0.014550451490265992,0.005255658149205737,-0.007902623293533754
opp_manCoveragePct,WR,5313,0.018434443315217,0.013030989298315669,0.01632146122721659,0.0162606955241132,0.025942842365356135,0.0067844992886906385,0.02296153005970159,0.0037639957162855222
opp_manCoveragePct,TE,1854,-0.0195279187133617,-0.030874173183843265,-0.006103112838590335,0.0026821667342310333,-0.030402864132207743,0.04315934264177689,0.046893049193920996,-0.009023061935714172
opp_airYardPctAllowed,QB,2333,0.027092218123281418,0.011056910548614374,0.0058550165117165175,-0.015367634288740275,0.015862057187608324,0.00252721670909675,0.023485050830566755,-0.03869365181138636
opp_airYardPctAllowed,RB,3394,0.004359488128769841,0.028689208687461176,-0.0013688399358180255,0.013891764438029962,-0.026434762383513947,0.023478129316470593,0.02822432136861491,0.013644233588379575
opp_airYardPctAllowed,WR,5313,0.019342907301230658,-0.007110419988318015,0.010104923149033657,-0.01644082907071665,0.01280046416587371,0.009399206707245021,0.01985467193380445,-0.056631051520731744
opp_airYardPctAllowed,TE,1854,-0.01762436705028779,0.011460765878839726,-0.040536144543494655,-0.011876001037352748,-0.03618463915884747,-0.028139210614501774,-0.033411537842386915,0.03347693764754609
opp_passerRatingAllowed,QB,2333,0.07543942777109108,-0.03883133755914569,0.025038376582042075,-0.03735350730451596,0.06267450316413734,-0.014499248983192128,0.007068029772581387,-0.08412117547602699
opp_passerRatingAllowed,RB,3394,0.03625375134975336,-0.02331515711343449,-0.005904283157077678,-0.03439933450409226,0.0003152393230917465,-0.010519144526990239,-0.03060888078842893,-0.03369910541575681
opp_passerRatingAllowed,WR,5313,0.013620524456470495,-0.004712412500477857,-0.015108090568994929,0.0030293474914973263,-0.0010940942003323194,-0.026541706455103908,0.012425288166112046,-0.0125072305115614
opp_passerRatingAllowed,TE,1854,0.02549839214670766,-0.02912669176059979,0.010952320161256007,-0.0002786498180161392,0.029194944228309604,0.005308569436561581,0.023452342381144117,-0.0035810387692277613
opp_scrambleYardsPerCarryAllowed,QB,2330,0.0336918892812483,0.024015735368366573,0.025000898061177626,0.0463280717174932,0.0369286926323611,0.009740246200385516,0.07446281509578918,0.01174983703581243
opp_scrambleYardsPerCarryAllowed,RB,3390,0.043388080595311906,-0.007780165269506283,0.030869539595019996,-0.03713207749661818,0.011370866453530658,0.04492866013396219,-0.05925158830625987,-0.028360041182490643
opp_scrambleYardsPerCarryAllowed,WR,5307,0.01694791223341612,-0.004788532916102896,0.016797452257938727,0.0004252276097244083,0.019858043516316756,0.010308627848155763,0.018089126107018898,-0.013486003326901025
opp_scrambleYardsPerCarryAllowed,TE,1850,-0.01420580438391741,-0.0032603544035062736,-0.005268592017245207,0.030382675744437263,0.03571607868558937,-0.04965630056636789,0.05681034170895003,-0.00611698567413007
opp_passSuccessRateAllowed,QB,2333,0.04853259237820156,-0.03010278227655627,0.009095985134514784,-0.015191682923628127,0.023689162496515242,0.0002724495643217643,0.03349956541072813,-0.06209721778819581
opp_passSuccessRateAllowed,RB,3394,0.019529585079234878,-0.031048617589108665,-0.00872573704387447,-0.025022894853940852,0.0071921135201209385,-0.019812700640183676,-0.03842741403755357,-0.003515088242186053
opp_passSuccessRateAllowed,WR,5313,-0.0035096075152441833,-0.014274016011672264,-0.024922689347055157,-0.003573740826739788,-0.018683076782723324,-0.0303618158702755,0.00994559512047586,-0.022160107036193137
opp_passSuccessRateAllowed,TE,1854,0.04363346250064474,-0.02026107095659668,0.02370704456468825,-0.0003933616799368948,0.05375603464571765,0.01688139898857498,0.03524258064025891,-0.005260800203922472
opp_completionPercentageAllowed,QB,2333,0.025727438775845084,-0.05251404265736895,0.008907617868994798,-0.025901371535713515,0.010306536722201245,0.006160490490332834,-0.0002553653851521444,-0.059230564214533175
opp_completionPercentageAllowed,RB,3394,0.013045689661143051,-0.0216299915625808,0.0021737448466702483,-0.009131812986679682,0.02373866281864374,-0.018174115604164896,-0.03866062985542084,0.015503590553952735
opp_completionPercentageAllowed,WR,5313,0.0005726361544603185,-0.010197492044538832,-0.01865431083340914,-0.01153159353437936,-0.01292518568735612,-0.023952851106333824,-0.019010677774079207,-0.002846954080320228
opp_completionPercentageAllowed,TE,1854,0.03306281519483926,0.0036941028754735555,0.013991483123961168,0.008803061479217436,0.04175980513964754,-0.01154798601216029,0.031448546310540344,-0.011593141700727385
opp_zoneCoveragePct,QB,2333,-0.05246742624306973,-0.022068893617632864,-0.02754708174373375,0.01857550518161165,-0.06245661111858635,0.006033455283480723,-0.042267774918478725,0.06486117467417515
opp_zoneCoveragePct,RB,3394,0.014850143006376597,-0.010997683614056451,0.039990258010322,0.0045452681403453776,0.06559183237453542,0.014550451490265992,-0.005255658149205737,0.007902623293533754
opp_zoneCoveragePct,WR,5313,-0.018434040158959553,-0.013031417837179492,-0.016321147735348568,-0.01626123596823073,-0.025942842365356135,-0.0067844992886906385,-0.02296153005970159,-0.0037639957162855222
opp_zoneCoveragePct,TE,1854,0.0195279187133617,0.030874173183843265,0.006103112838590335,-0.0026821667342310333,0.030402864132207743,-0.04315934264177689,-0.046893049193920996,0.009023061935714172
opp_yardsBeforeContactPerCarryAllowed,QB,2333,0.0358654606427039,-0.0016349651586494956,0.012830418404240785,-0.026953788509383222,0.012917644804600654,0.025163229496172647,0.00448875726907008,-0.048506544400255605
opp_yardsBeforeContactPerCarryAllowed,RB,3394,0.05163596720989057,-0.017644352807572795,0.031062960744383673,-0.04026401217047041,0.05747114538779956,0.012733038985291609,-0.05075912328467594,-0.02041332980022288
opp_yardsBeforeContactPerCarryAllowed,WR,5313,0.012459542243153736,0.008729881450345135,0.010224970176653206,0.019204113531210425,0.007172335416152871,0.017566374709456576,0.03223660758160756,0.0016665811547258327
opp_yardsBeforeContactPerCarryAllowed,TE,1854,-0.006961488363746447,-0.04206938349235628,-0.018216716168903434,-0.01641350439036789,-0.023779914405301996,0.008548314293341597,0.023545008913346786,-0.037541507539928465
opp_explosiveRunRateAllowed,QB,2333,0.02248560707844234,0.004517638111950733,0.0014523126506698952,0.016417134420472042,0.01990704202471015,-0.015193838325290636,0.04748654924038829,-0.008433978131626316
opp_explosiveRunRateAllowed,RB,3394,0.03570072610516088,-0.025808802939140948,0.01618355217576251,-0.03523132696954349,0.008615367379960716,0.025117938490160065,-0.046370941058016646,-0.019641854761842464
opp_explosiveRunRateAllowed,WR,5313,0.009561039286600433,0.007286086611646073,0.011361817295612857,0.022657559479448735,0.024035308434451584,-0.0010157304309703573,0.03806878340971523,0.006718035380116072
opp_explosiveRunRateAllowed,TE,1854,-0.0073376173315534065,-0.057572941355110825,-0.0034172747557535553,-0.02407863328216996,0.03250633017025828,-0.027650412817423604,-0.015255075298599615,-0.01723828064321406
opp_yardsAfterContactPerCarryAllowed,QB,2333,0.002564004297231394,0.03226119218978714,-0.001121443779637697,0.04219189714334813,0.008264660060117689,-0.01107844838191854,0.05855597537070549,0.004323167316414557
opp_yardsAfterContactPerCarryAllowed,RB,3394,0.025711243259508253,0.0016506124100513187,0.002311364944144873,-0.009844463255072782,-0.0006224977598449584,0.001835438447782055,-0.0038729525133423997,-0.02535641760824455
opp_yardsAfterContactPerCarryAllowed,WR,5313,-0.02201504114369536,-7.673789513951163e-05,-0.0139288465068764,0.013999329442907847,0.003402150054533187,-0.032470393118466515,0.024155704837761343,0.006891341345641956
opp_yardsAfterContactPerCarryAllowed,TE,1854,0.019327303600707967,0.014969594387559002,0.02075461570726885,0.016149612256514193,0.055014293453505766,-0.026317447445469003,0.026204679897447528,-0.005220666025266174
opp_stuffRate,QB,2333,-0.0011845957161019068,0.016306406479588663,-0.0068215328468809655,0.02320324071345422,0.0016279710804321438,-0.022452467632608924,0.013615992471725208,0.031780210482139616
opp_stuffRate,RB,3394,-0.04181868695922051,-0.022576152090784812,-0.015783428346116877,0.007801313317564736,-0.055452868785240916,0.021856327194430963,-0.02053927812925564,0.03486320737438388
opp_stuffRate,WR,5313,-0.02071945091539872,0.0075451484073671745,-0.01953862400068945,0.009408528775675808,-0.010751825015774435,-0.031766500191991814,0.009314232708691717,0.008223808698477018
opp_stuffRate,TE,1854,-0.04092955922489186,0.008011897137612568,-0.013702143939862823,0.014631094454909307,0.009833217055402854,-0.0487089647578288,-0.025847236019299717,0.04760826450690991
opp_designedYardsPerCarryAllowed,QB,2333,0.031879855408140235,0.012727094721705145,0.012218465309410878,-0.0031297617401057297,0.015749829241996263,0.016046528828628316,0.017491309952318086,-0.010567709321941005
opp_designedYardsPerCarryAllowed,RB,3394,0.04745772341884772,-0.01127969803800262,0.016937910283419746,-0.02474938775420631,0.0313017832583475,0.007966769637267565,-0.011250097313552617,-0.03000036569207633
opp_designedYardsPerCarryAllowed,WR,5313,-0.009522362190992608,0.010768779308477267,-0.007291784993410632,0.029861789333603287,0.0018330754377562548,-0.016269998725515624,0.03121802502756243,0.024568838494369607
opp_designedYardsPerCarryAllowed,TE,1854,0.01656810313124976,-0.01572925845413455,0.001637268065983167,-0.004453838652308854,0.014487127681480685,0.012243854944007768,0.01620214188058693,-0.0032119567338632013
opp_rushSuccessRateAllowed,QB,2333,0.015868003203802508,-0.026060102097979636,0.010890776111964214,-0.027257499251491197,0.03934147831204426,-0.02604135965098587,-0.006096328495995037,-0.05878495805871067
opp_rushSuccessRateAllowed,RB,3394,0.039950917806228774,-0.016776383068133817,0.010989862576446534,-0.02722351209396004,0.05679358284344205,-0.03096346350749021,-0.01462972523935982,-0.03624346613958729
opp_rushSuccessRateAllowed,WR,5313,-0.014045304055375452,-0.02388509239094722,-0.016729704664844868,-0.0174990313772586,-0.022536266650199862,-0.010917310983808461,-0.0016618586289111588,-0.03529442208406572
opp_rushSuccessRateAllowed,TE,1854,0.018551601195180095,-0.013827090140631543,0.013308187497956276,0.022445293238011577,0.020526168263879367,0.006374402657579099,0.03235874030815299,0.015592652311411376
opp_epaPerRunPlayAllowed,QB,2333,0.04050747563252775,-0.020238471198961154,0.018583666135409686,-0.05469403346292086,0.02216144700747041,0.017873235100383713,-0.028551745253216278,-0.07447197596134535
opp_epaPerRunPlayAllowed,RB,3394,0.04703025546818474,-0.010420461505620189,0.005774746945074062,-0.024909235394771148,0.02475698905834503,-0.007073650479111343,0.004067919525520885,-0.03933389092824448
opp_epaPerRunPlayAllowed,WR,5313,-0.008361254767152564,-0.010263923943105619,-0.013545229871014705,-0.001237752328577607,-0.007741951936199903,-0.01889308643997554,0.009093084142838456,-0.017520892520410065
opp_epaPerRunPlayAllowed,TE,1854,0.0232981595047115,-0.01398939428455698,0.007920336206662245,-0.003541738657279443,0.01851747070884013,0.015037704607859234,0.02048935148725083,-0.008415746718025087
opp_gapRunPctAgainst,QB,2333,0.006723280445529785,-0.0016473324288186612,0.005794848593796431,-0.008323956574585747,0.02335813890108325,-0.017704673044280132,0.01770615898064678,-0.05132385205913306
opp_gapRunPctAgainst,RB,3394,-0.00341173223292568,-0.03530134515588454,0.01000772368388816,-0.0042794450112765385,-0.0388815380100406,0.05048777167891321,-0.03993079599458622,0.02010436842822938
opp_gapRunPctAgainst,WR,5313,-0.031253002032817986,-0.028909776428579257,-0.02015563155470065,-0.02362356709160194,-0.025187796200464057,-0.015354205207249592,0.00808723817145934,-0.05433488875540056
opp_gapRunPctAgainst,TE,1854,0.0063712154856455485,0.012305427921042934,0.022988700432855346,0.0362204935275078,-0.010991003167130586,0.04292384508035375,0.033682254638599654,0.009355184964784484
opp_timeToThrowAgainst,QB,2333,-0.0036791527997344104,-0.024411816059590415,0.006931891185114184,-0.007195725569367343,-0.00650525140889064,0.002568268463038986,0.020314284822094887,-0.08545666362840242
opp_timeToThrowAgainst,RB,3394,0.0012711444415431311,-0.023526864519888852,-0.004213799118070897,-0.04048625487890078,-0.015974313030538236,-0.005335469379219401,-0.04243624276500068,-0.06551042991608486
opp_timeToThrowAgainst,WR,5313,-0.0034909385500467485,-0.040258811620845124,-0.0031186715078186347,-0.04460649842614283,-0.0005809006276814914,-0.00613095209970508,-0.020469081604880694,-0.05451364728369129
opp_timeToThrowAgainst,TE,1854,0.019014271448078154,-0.013414997862242602,0.03628999035688459,0.019408316867011745,0.02908561990256427,-0.0006801371004453905,0.006879796241742639,-0.036918252956981895
opp_playActionRateAgainst,QB,2333,0.06700633234286735,-0.03400305246908921,0.024958571833840645,-0.056552445655920644,0.0451581463539572,0.0034660930207537927,-0.040980451595303495,-0.06046117789566541
opp_playActionRateAgainst,RB,3394,0.013835020449377561,-0.04809976390810124,-0.009326120646065457,-0.06451636777433915,-0.012326556617381648,-0.0002767516840744675,-0.059659191126902884,-0.05934562012205479
opp_playActionRateAgainst,WR,5313,0.015369396135407287,-0.0271821652680701,0.00013934045420699233,-0.0420787911175225,0.00432600773531692,-0.0008251779669637717,-0.03833260696118348,-0.052167941036296746
opp_playActionRateAgainst,TE,1854,0.01301349572508957,-0.03715457459110077,0.019178585932576306,-0.014294906312516897,0.07875221460299425,-0.029286115688779032,-0.013635540535863933,0.009093169741468213
opp_adotAgainst,QB,2333,0.04646741693888552,0.05434845309261352,0.015569517803925062,0.018361886537076398,0.027901267122235437,0.005536065686958999,0.03657069889673204,0.025037415716990873
opp_adotAgainst,RB,3394,0.010725398983308388,0.011423373252333984,-0.012996948670291011,-0.005504004520232457,-0.044779207475568565,0.018706980382377354,0.017445115098515224,-0.011542460706380774
opp_adotAgainst,WR,5313,0.018408378135875127,-0.0037286980409962146,0.011233120930641794,0.004795628082961623,-0.0010844228265270866,0.023158445537805297,0.04225921238188739,-0.04126533407130464
opp_adotAgainst,TE,1854,-0.006435188338971486,-0.019341796851976734,-0.005227184505558937,-0.005377293486209114,-0.016590851978778638,0.020154421960924308,-0.002761283236911982,0.02306215003796047
opp_screenRateAgainst,QB,2333,-0.013414269534699728,-0.008311506320515461,-0.009731350407671506,0.014245776965638786,-0.026971904934399122,-0.0021736314242308007,-0.057119429429680166,0.07458378191778403
opp_screenRateAgainst,RB,3394,0.0005742745152027877,-0.0451181776308836,0.02182966545033319,-0.0018096927563087816,0.026551946331780915,0.011740314308326186,-0.013863950831715901,-0.005792021499307185
opp_screenRateAgainst,WR,5313,-0.013348866697347955,6.669647892350795e-05,-0.011473011482792127,-0.0006440791678714074,-0.015765051680647946,-0.00912995114989212,-0.0557501437519473,0.06123894358352279
opp_screenRateAgainst,TE,1854,0.0027658952911873086,-0.03623294575840079,0.015129552528936514,-0.010063085021637056,0.014607890631215434,-0.0028318677085644936,-0.032511743807910144,-0.024207752226187703
opp_zoneRunPctAgainst,QB,2333,-0.0003790618927750371,0.0011450781986524973,-0.0034720697554375653,0.0057163630176076926,-0.020855940939578668,0.022579450100757188,-0.008954452331695405,0.03819015113734978
opp_zoneRunPctAgainst,RB,3394,-0.0012073768881207057,0.038221117138270956,-0.02451435511954988,-0.0029725303025906957,0.03444695133285528,-0.07258013076953608,0.021908060129183185,-0.00967743920658598
opp_zoneRunPctAgainst,WR,5313,0.03304458252999702,0.047665611949622266,0.015021519171634783,0.0413220520012818,0.02510833099701023,0.006806731172669591,0.02475803942168067,0.05224318493496756
opp_zoneRunPctAgainst,TE,1854,0.009416439443938784,-0.020244696993380686,-0.010141152373644,-0.05075405174902323,0.016451451337405817,-0.018567433201850326,-0.05366853409101091,-0.019480015834267804
opp_passRateAgainst,QB,2333,-0.03493103570363241,-0.005119629680934406,-0.012890362367265023,-0.012752228443172288,-0.0472547096112237,0.030158434365815112,-0.0010301448971432416,-0.009648308323727917
opp_passRateAgainst,RB,3394,-0.045969262252761586,0.009324463882002287,-0.01981748110034353,-0.004370234296767556,-0.03056215616563311,-0.007756501604967407,-0.004582452977868334,0.004262372240863466
opp_passRateAgainst,WR,5313,0.005762608617761584,-0.003929468020387137,0.01700861942159627,-0.004105881295263776,0.0007592586110652478,0.03332073952116108,-0.002475203099623382,-0.01017107312198362
opp_passRateAgainst,TE,1854,-0.029990256209831874,0.03176378596996883,-0.039211542475070804,-0.01140234313697661,-0.029874359305032103,-0.03471624688650066,0.05221183647105246,-0.04948463261426268
opp_runRateAgainst,QB,2333,0.03491899378012382,0.005169041549416435,0.01286492454658351,0.012725768099969876,0.0472547096112237,-0.030148888469324044,0.0010301448971432416,0.009649826649056451
opp_runRateAgainst,RB,3394,0.04599929212782194,-0.009250046834439035,0.01980360827166532,0.004415642510862668,0.03056215616563311,0.0077182923491271194,0.004582452977868334,-0.004184732046035931
opp_runRateAgainst,WR,5313,-0.005798961853978368,0.003889770400979751,-0.017042678976800767,0.004045738188497292,-0.0007592586110652478,-0.03336048592270442,0.002475203099623382,0.010034455114489789
opp_runRateAgainst,TE,1854,0.02996948883466269,-0.03182969136889557,0.03922455029541409,0.011359147622766786,0.029874359305032103,0.03476592081799843,-0.05221183647105246,0.04940792044999559
rec_catch_oe_per_tgt,QB,320,-0.07596739055116837,,-0.010310745048496297,,-0.041296326692468646,0.2116564950647525,0.1820685566071266,
rec_catch_oe_per_tgt,RB,3327,-0.0022539186881192007,0.0397165906190206,-0.01389402941287785,-0.01028775846592856,-0.013514152688325207,-0.017916326627953318,0.057190985055446786,-0.07440851143608349
rec_catch_oe_per_tgt,WR,5280,0.09107714004869238,0.09615566189704564,-0.0009373500860582634,-0.004117663726192828,6.275247569246006e-05,-0.0021955172285334037,-0.025159836306525855,0.011325103073793127
rec_catch_oe_per_tgt,TE,1854,0.07916075416832068,0.19745971114536873,-0.01640890171821647,0.09908928174860568,0.0074535084851443945,-0.03245585606991704,0.09202538607779803,0.11246557756799706
rec_neg_graded,QB,623,-0.04260140357265587,-0.11912644352807454,-0.03383633917098326,-0.15567953382720667,-0.06440929183641574,0.005480923380657677,-0.18428171104848742,-0.15554117588266034
rec_neg_graded,RB,3327,-0.07340927029726912,-0.117036574428564,-0.012239859181260585,-0.024877904607571607,-0.00979740721154902,-0.023323504029731143,-0.09585394015655756,0.022276738717013155
rec_neg_graded,WR,5280,-0.007737854526277312,-0.0029157568916611063,0.021801504962044225,0.04183704746471351,0.020693898147787937,0.021508787974310384,0.061450036293914816,0.026578549024924902
rec_neg_graded,TE,1854,-0.12273508125877973,-0.16636376686299176,0.009877528566244426,0.049994936818258354,-0.026289490191739002,0.05854520705866019,-0.06135478081268028,0.15818135225394026
rec_catch_oe,QB,320,-0.10231427343907637,,-0.016403674757623426,,-0.057021888358495906,0.21793977283131674,0.14808487939808937,
rec_catch_oe,RB,3327,-0.0004245016060965665,0.03931130365074041,-0.013423308079291376,-0.013071569977990456,-0.0122906729014092,-0.01790259636754439,0.05626478009166496,-0.07793147768660556
rec_catch_oe,WR,5280,0.09126108893256153,0.09552345802527988,-0.0007189026551821928,-0.00518338753117692,0.00022648175231035093,-0.0018929101369689278,-0.026994160976592983,0.010813163594671027
rec_catch_oe,TE,1854,0.07919571427571878,0.19811986420540798,-0.01622703891976248,0.10001601832761008,0.006822624170142937,-0.03137112181895321,0.0926560433873785,0.11382246326696983
rec_pos_graded,QB,623,0.1881162073490725,0.3033687976611556,-0.028587949846645123,-0.06743409582072354,-0.007726962827807938,-0.09110447926643234,0.029390168223894966,-0.2613275142323162
rec_pos_graded,RB,3327,0.18966786147435752,0.274022636429457,-0.006578671509252324,-0.002966213213343437,0.014380724371450363,-0.02487970866675766,0.06346550766506695,-0.06364063901470018
rec_pos_graded,WR,5280,0.30952902005804295,0.5083962536354139,0.007902508291540693,0.10177008372188455,0.011755666351723896,0.00419475625851758,0.09243756084963951,0.10384021576644752
rec_pos_graded,TE,1854,0.2687667481616895,0.46536952338710597,0.038368471285275686,0.11795675502516734,0.045408609105278455,0.03947866238592338,0.19371566074969299,0.05548720868858574
rec_hands_grade,RB,3319,0.03127315344308412,0.08220324562878632,-0.010581849123072605,0.017716119906501553,-0.030929940669467852,0.0012577930761084968,0.01974299616907952,0.0013013200475023728
rec_hands_grade,WR,5280,0.11372656761852326,0.15346774081014825,-0.0044947755184302635,0.008961886420619033,-0.016884166371512906,0.007249567310224667,-0.06694922494805036,0.08702029074153718
rec_hands_grade,TE,1854,0.07511294952028945,0.1503435396965564,0.002001361148642288,0.07709310441519676,0.035169927162473996,-0.03126819989680865,0.09383411560280039,0.05353940482379892
rec_vs_lb_share,TE,1854,-0.05202592296134524,-0.1411708831132267,0.018837768316414875,-0.041333109727675975,0.027204575720387827,0.004597961710665551,0.01572218574316726,-0.09244588094898847
rec_vs_cb_share,TE,1854,-0.004323797791853969,-0.004268119339108695,-0.05047091118734946,-0.0870558239625926,-0.06800395529283512,-0.030819685809597347,-0.175159059144864,0.00022759636033159678
