def,slot,outside,te,all,slotRt,wideRt,teRt,contrast
ARI,1.388,1.699,1.488,1.549,105.023,174.977,138.0,-0.311
ATL,0.839,0.901,0.901,0.884,188.22,340.78,208.0,-0.062
BAL,0.908,0.955,0.833,0.91,158.538,296.462,149.0,-0.047
BUF,1.161,1.058,0.724,0.987,155.587,310.413,176.0,0.102
CAR,0.787,0.766,1.031,0.853,176.115,259.885,197.0,0.021
CHI,0.87,1.075,0.646,0.904,115.981,205.019,115.0,-0.204
CIN,0.848,0.688,1.147,0.855,175.615,300.385,179.0,0.16
CLE,1.123,0.967,1.021,1.021,169.123,288.877,195.0,0.156
DAL,1.427,1.195,1.258,1.272,135.293,216.707,145.0,0.232
DEN,0.965,0.772,1.037,0.895,82.613,164.387,105.0,0.193
DET,1.027,1.17,1.421,1.22,175.464,301.536,244.0,-0.143
GB,0.742,1.04,0.984,0.944,141.132,252.868,125.0,-0.298
HOU,1.364,1.235,0.901,1.185,151.769,281.231,133.0,0.129
IND,1.164,1.014,0.999,1.046,153.178,258.822,160.0,0.15
JAX,0.947,1.054,0.74,0.944,134.21,295.79,153.0,-0.108
KC,0.672,0.591,1.363,0.879,138.172,235.828,196.0,0.081
LAC,1.159,1.236,0.881,1.108,110.985,208.015,136.0,-0.078
LAR,0.959,1.016,0.607,0.891,138.574,222.426,123.0,-0.057
LV,0.866,0.82,1.29,0.971,156.328,246.672,169.0,0.046
MIA,0.893,0.741,1.927,1.085,110.088,216.912,113.0,0.152
MIN,0.835,0.976,0.663,0.852,152.442,245.558,139.0,-0.141
NE,1.179,1.009,0.47,0.914,134.416,266.584,131.0,0.17
NO,1.237,1.224,1.308,1.256,96.356,201.644,159.0,0.014
NYG,1.103,0.787,0.794,0.85,84.974,213.026,127.0,0.315
NYJ,0.896,0.961,0.652,0.847,142.297,222.703,158.0,-0.065
PHI,1.358,1.125,0.495,1.012,115.991,156.009,106.0,0.233
PIT,0.775,1.125,0.895,0.981,106.523,234.477,135.0,-0.35
SEA,0.625,0.599,0.913,0.679,160.306,264.694,132.0,0.026
SF,0.983,0.791,0.555,0.759,102.359,216.641,139.0,0.192
TB,0.6,0.891,1.474,0.984,128.989,237.011,144.0,-0.291
TEN,1.278,1.191,0.767,1.095,126.495,207.505,123.0,0.088
WAS,1.021,1.324,1.815,1.367,132.079,266.921,128.0,-0.303
